ID_CUENTA,ID_CLIENTE,MONTO,CUOTAS,NRO_COMPROBANTE,ID_PRODUCTO,ID_CANAL_DESEMBOLSO,ID_TIPO_FINANCIACION,DIAS_MORA,ID_ESTADO_CREDITO,ID_CANAL_SOLICITUD,FECHA_OTORGAMIENTO
24221,93,99123.21,25,17182359938,CBR-2,TR333,4,5,1,2,2021-12-30
24220,152,39749.61,25,17182359997,CC-1,EF222,1,141,2,2,2021-12-29
24215,73,53149.25,14,17182359918,CC-1,TR333,1,1,1,1,2021-12-28
24216,1109,33596.27,25,17182360954,CCR-2,BV111,1,116,2,2,2021-12-28
24217,1251,59262.68,21,17182361096,CB-1,BV111,4,5,1,1,2021-12-28
24218,1258,41863.62,46,17182361103,CBR-2,TR333,4,215,2,2,2021-12-28
24219,1369,96712.64,32,17182361214,CBR-2,BV111,4,5,1,3,2021-12-28
24209,327,68256.33,25,17182360172,CB-1,BV111,4,1,1,1,2021-12-27
24210,933,23652.3,26,17182360778,CC-1,TR333,1,106,2,2,2021-12-27
24211,1285,83632.82,15,17182361130,CBR-2,TR333,4,6,1,1,2021-12-27
24212,1595,24928.91,17,17182361440,CPR-2,TR333,3,6,1,2,2021-12-27
24213,1691,71845.85,21,17182361536,CBR-2,BV111,4,161,2,1,2021-12-27
24214,1883,18847.08,36,17182361728,CC-1,TR333,1,216,2,1,2021-12-27
24207,266,43403.55,13,17182360111,CC-1,TR333,1,3,1,2,2021-12-26
24208,1364,53317.6,31,17182361209,CBR-2,TR333,4,157,2,3,2021-12-26
24198,219,99265.06,23,17182360064,CB-1,BV111,4,208,2,2,2021-12-25
24199,331,38424.59,37,17182360176,CC-1,BV111,1,237,2,1,2021-12-25
24200,336,67426.21,17,17182360181,CC-1,TR333,1,2,1,3,2021-12-25
24201,355,65565.15,15,17182360200,CC-1,TR333,1,0,1,2,2021-12-25
24202,386,78095.03,27,17182360231,CC-1,TR333,1,54,2,3,2021-12-25
24203,610,31712.88,23,17182360455,COR-2,EF222,2,5,1,1,2021-12-25
24204,998,67540.24,22,17182360843,CO-1,TR333,2,139,2,2,2021-12-25
24205,1298,93295.33,46,17182361143,CBR-2,TR333,4,3,1,1,2021-12-25
24206,1405,58954.53,31,17182361250,CP-1,TR333,3,199,2,1,2021-12-25
24195,259,92079.47,34,17182360104,CC-1,BV111,1,1,1,1,2021-12-24
24196,344,72190.87,28,17182360189,CC-1,TR333,1,224,2,3,2021-12-24
24197,1995,67376.25,27,17182361840,CC-1,TR333,1,0,1,2,2021-12-24
24191,337,43625.28,35,17182360182,CC-1,BV111,1,45,2,1,2021-12-23
24192,341,70814.11,19,17182360186,CC-1,BV111,1,68,2,3,2021-12-23
24193,352,12384.36,26,17182360197,CC-1,EF222,1,0,1,1,2021-12-23
24194,990,80458.05,29,17182360835,CC-1,EF222,1,54,2,1,2021-12-23
24187,329,52410.59,24,17182360174,CC-1,BV111,1,4,1,2,2021-12-22
24188,338,53249.59,47,17182360183,CC-1,TR333,1,91,2,2,2021-12-22
24189,348,14509.05,36,17182360193,CBR-2,TR333,4,6,1,3,2021-12-22
24190,1776,66238.03,20,17182361621,CB-1,TR333,4,6,1,2,2021-12-22
24180,357,27449.27,34,17182360202,CBR-2,BV111,4,80,2,1,2021-12-21
24181,375,84753.66,18,17182360220,CC-1,TR333,1,0,1,2,2021-12-21
24182,401,43023.89,47,17182360246,CCR-2,BV111,1,5,1,1,2021-12-21
24183,1223,87618.08,33,17182361068,CB-1,TR333,4,114,2,3,2021-12-21
24184,1263,29743.61,27,17182361108,CC-1,TR333,1,4,1,3,2021-12-21
24185,1275,92171.47,35,17182361120,CC-1,TR333,1,161,2,1,2021-12-21
24186,1495,49570.65,29,17182361340,CCR-2,TR333,1,165,2,3,2021-12-21
24176,374,94015.48,43,17182360219,CC-1,TR333,1,199,2,1,2021-12-20
24177,927,61643.55,40,17182360772,CO-1,BV111,2,6,1,3,2021-12-20
24178,1570,97130.67,39,17182361415,CPR-2,EF222,3,0,1,1,2021-12-20
24179,1640,68404.71,42,17182361485,CB-1,EF222,4,0,1,3,2021-12-20
24171,364,89255.33,16,17182360209,CC-1,TR333,1,124,2,3,2021-12-19
24172,371,19969,41,17182360216,CBR-2,BV111,4,168,2,3,2021-12-19
24173,382,53107.21,21,17182360227,CC-1,EF222,1,44,2,1,2021-12-19
24174,385,37143.02,18,17182360230,CCR-2,TR333,1,2,1,2,2021-12-19
24175,1703,66129.69,18,17182361548,CBR-2,TR333,4,41,2,1,2021-12-19
24164,342,25307.19,29,17182360187,CC-1,EF222,1,6,1,2,2021-12-18
24165,361,34843.46,40,17182360206,CCR-2,BV111,1,2,1,2,2021-12-18
24166,363,67357.87,36,17182360208,CC-1,TR333,1,86,2,3,2021-12-18
24167,367,76789.45,48,17182360212,CCR-2,BV111,1,4,1,2,2021-12-18
24168,377,26256.21,19,17182360222,CC-1,BV111,1,218,2,3,2021-12-18
24169,852,41065.56,15,17182360697,CPR-4,EF222,5,161,2,3,2021-12-18
24170,1795,35944.56,20,17182361640,COR-2,TR333,2,0,1,1,2021-12-18
24161,332,91038.44,37,17182360177,CC-1,EF222,1,78,2,3,2021-12-17
24162,360,66195.25,43,17182360205,CCR-2,EF222,1,176,2,2,2021-12-17
24163,381,60450.51,34,17182360226,CC-1,BV111,1,126,2,2,2021-12-17
24157,8,53406.3,40,17182359853,CC-1,TR333,1,223,2,3,2021-12-16
24158,68,62219.48,30,17182359913,CC-1,TR333,1,1,1,3,2021-12-16
24159,330,65457.81,37,17182360175,CCR-2,EF222,1,1,1,1,2021-12-16
24160,347,75413.91,47,17182360192,CC-1,BV111,1,21,2,2,2021-12-16
24149,214,33042.51,44,17182360059,CC-1,TR333,1,35,2,3,2021-12-15
24150,333,67758.67,27,17182360178,CC-1,TR333,1,211,2,3,2021-12-15
24151,345,56729.26,24,17182360190,CC-1,TR333,1,17,2,2,2021-12-15
24152,379,91291.33,48,17182360224,CB-1,BV111,4,217,2,3,2021-12-15
24153,461,33934.34,32,17182360306,CO-1,BV111,2,1,1,1,2021-12-15
24154,565,74178.45,22,17182360410,CCR-2,TR333,1,5,1,1,2021-12-15
24155,1203,83557.52,36,17182361048,CC-1,TR333,1,99,2,1,2021-12-15
24156,1620,28429.34,29,17182361465,CB-1,EF222,4,2,1,1,2021-12-15
24144,362,58564.77,39,17182360207,CC-1,EF222,1,152,2,2,2021-12-14
24145,373,27842.37,22,17182360218,CC-1,TR333,1,1,1,3,2021-12-14
24146,383,66548.36,46,17182360228,CO-1,TR333,2,4,1,3,2021-12-14
24147,864,61525.73,44,17182360709,CBR-2,TR333,4,196,2,3,2021-12-14
24148,1679,16416.26,42,17182361524,CCR-2,BV111,1,144,2,3,2021-12-14
24135,335,52614.44,41,17182360180,CB-1,TR333,4,102,2,1,2021-12-13
24136,339,34174.98,15,17182360184,CC-1,BV111,1,3,1,1,2021-12-13
24137,346,24899.54,13,17182360191,CC-1,TR333,1,93,2,3,2021-12-13
24138,350,25363.05,12,17182360195,CCR-2,EF222,1,0,1,1,2021-12-13
24139,376,51514.71,25,17182360221,CC-1,TR333,1,172,2,2,2021-12-13
24140,893,70534.46,30,17182360738,COR-2,TR333,2,1,1,1,2021-12-13
24141,1207,68569.53,42,17182361052,CCR-2,BV111,1,57,2,3,2021-12-13
24142,1721,64958.97,31,17182361566,CCR-2,BV111,1,6,1,2,2021-12-13
24143,1859,11111.19,13,17182361704,CC-1,BV111,1,159,2,1,2021-12-13
24129,248,15114.02,33,17182360093,CC-1,TR333,1,2,1,3,2021-12-12
24130,334,46436.92,37,17182360179,CBR-2,TR333,4,2,1,3,2021-12-12
24131,365,65626.03,15,17182360210,CC-1,TR333,1,3,1,3,2021-12-12
24132,368,75075.31,45,17182360213,CC-1,TR333,1,175,2,2,2021-12-12
24133,1217,39941.69,39,17182361062,CCR-2,BV111,1,3,1,2,2021-12-12
24134,1760,82124.24,33,17182361605,CBR-2,EF222,4,45,2,3,2021-12-12
24128,391,25790.9,36,17182360236,CBR-2,BV111,4,3,1,3,2021-12-11
24124,174,62080.77,19,17182360019,CC-1,TR333,1,21,2,3,2021-12-10
24125,209,84536.2,12,17182360054,CB-1,BV111,4,6,1,1,2021-12-10
24126,448,96351.19,34,17182360293,CPR-4,TR333,5,231,2,3,2021-12-10
24127,1336,31247.45,20,17182361181,CBR-2,TR333,4,3,1,1,2021-12-10
24119,228,41892.9,14,17182360073,CC-1,TR333,1,4,1,1,2021-12-09
24120,591,27293.3,29,17182360436,CB-1,BV111,4,197,2,1,2021-12-09
24121,618,63425.83,38,17182360463,CBR-2,TR333,4,81,2,3,2021-12-09
24122,885,30120.47,39,17182360730,COR-2,TR333,2,1,1,2,2021-12-09
24123,955,64426.47,28,17182360800,CC-1,TR333,1,5,1,2,2021-12-09
24115,621,16825.72,18,17182360466,CCR-2,BV111,1,36,2,1,2021-12-08
24116,956,86968.71,31,17182360801,CC-1,TR333,1,3,1,3,2021-12-08
24117,1630,69650.48,26,17182361475,CO-1,EF222,2,132,2,3,2021-12-08
24118,1848,35103.79,13,17182361693,CO-1,TR333,2,149,2,2,2021-12-08
24114,1456,34511.42,41,17182361301,CBR-2,TR333,4,153,2,2,2021-12-07
24111,157,37078.14,16,17182360002,CC-1,BV111,1,11,2,1,2021-12-06
24112,702,65264.84,14,17182360547,CBR-2,EF222,4,0,1,3,2021-12-06
24113,1088,36370.67,42,17182360933,CBR-2,TR333,4,29,2,3,2021-12-06
24107,20,41785.17,20,17182359865,CC-1,EF222,1,4,1,3,2021-12-05
24108,1846,87254.89,29,17182361691,CCR-2,TR333,1,133,2,3,2021-12-05
24109,1872,63406.35,46,17182361717,CB-1,EF222,4,91,2,2,2021-12-05
24110,1978,76933.13,15,17182361823,CC-1,TR333,1,6,1,1,2021-12-05
24106,7,18043.72,39,17182359852,CC-1,BV111,1,2,1,3,2021-12-04
24104,232,21559.79,41,17182360077,CC-1,EF222,1,5,1,2,2021-12-03
24105,530,19846.02,25,17182360375,CC-1,EF222,1,183,2,3,2021-12-03
24103,1447,71932.3,39,17182361292,CPR-2,BV111,3,173,2,2,2021-12-02
24102,1481,47334.75,46,17182361326,CBR-2,BV111,4,61,2,3,2021-12-01
24100,1488,50923.02,19,17182361333,CO-1,TR333,2,5,1,3,2021-11-30
24101,1600,42176.31,44,17182361445,CBR-2,EF222,4,5,1,3,2021-11-30
24097,595,84357.77,16,17182360440,CC-1,TR333,1,2,1,2,2021-11-29
24098,1326,99762.07,32,17182361171,CBR-2,TR333,4,182,2,2,2021-11-29
24099,1597,93801.92,38,17182361442,CPR-2,BV111,3,163,2,2,2021-11-29
24094,969,76414.33,14,17182360814,CO-1,BV111,2,1,1,3,2021-11-28
24095,1444,24397.87,32,17182361289,CB-1,TR333,4,6,1,2,2021-11-28
24096,1936,48702.06,44,17182361781,CC-1,TR333,1,4,1,3,2021-11-28
24092,991,59724.44,31,17182360836,CO-1,BV111,2,0,1,1,2021-11-27
24093,1365,28587.61,26,17182361210,CCR-2,TR333,1,229,2,3,2021-11-27
24089,1181,22460.8,46,17182361026,CBR-2,BV111,4,233,2,1,2021-11-26
24090,1225,12956.81,12,17182361070,CC-1,TR333,1,208,2,2,2021-11-26
24091,1591,85831.07,13,17182361436,CBR-2,BV111,4,233,2,1,2021-11-26
24088,1299,83315.81,46,17182361144,CB-1,BV111,4,76,2,2,2021-11-25
24085,484,55326.86,32,17182360329,CC-1,TR333,1,136,2,2,2021-11-22
24086,543,66410.33,12,17182360388,CB-1,TR333,4,51,2,3,2021-11-22
24087,1913,69048.57,38,17182361758,CP-1,TR333,3,153,2,3,2021-11-22
24083,514,13586.45,26,17182360359,CO-1,TR333,2,85,2,3,2021-11-20
24084,582,89137.92,44,17182360427,CO-1,EF222,2,4,1,1,2021-11-20
24082,978,46059.41,33,17182360823,CBR-2,TR333,4,228,2,3,2021-11-19
24081,1303,72828.99,26,17182361148,CBR-2,TR333,4,94,2,1,2021-11-17
24078,1160,97112.81,31,17182361005,CC-1,EF222,1,3,1,3,2021-11-15
24079,1750,50829.84,35,17182361595,CCR-2,EF222,1,0,1,1,2021-11-15
24080,1972,63317.75,32,17182361817,CC-1,EF222,1,89,2,2,2021-11-15
24074,631,54000.36,20,17182360476,COR-2,BV111,2,205,2,1,2021-11-14
24075,716,73338.24,34,17182360561,CBR-2,TR333,4,6,1,3,2021-11-14
24076,987,85420.04,16,17182360832,CO-1,BV111,2,132,2,2,2021-11-14
24077,1283,55739.89,32,17182361128,CC-1,TR333,1,209,2,2,2021-11-14
24073,1629,26461.36,24,17182361474,CC-1,BV111,1,106,2,2,2021-11-13
24071,719,85462.23,13,17182360564,CBR-2,BV111,4,3,1,2,2021-11-12
24072,1078,71342.55,34,17182360923,CCR-2,TR333,1,0,1,3,2021-11-12
24066,496,26367.99,48,17182360341,CP-3,TR333,5,6,1,2,2021-11-11
24067,556,36963.29,39,17182360401,CC-1,TR333,1,4,1,3,2021-11-11
24068,1621,37822.71,17,17182361466,CP-1,BV111,3,95,2,1,2021-11-11
24069,1689,92868.49,27,17182361534,CBR-2,BV111,4,2,1,2,2021-11-11
24070,1895,17740.13,15,17182361740,CC-1,TR333,1,2,1,2,2021-11-11
24065,1652,67022.17,27,17182361497,COR-2,EF222,2,5,1,2,2021-11-10
24064,1636,58273.23,34,17182361481,CCR-2,TR333,1,36,2,1,2021-11-09
24062,607,82435.77,43,17182360452,CC-1,BV111,1,42,2,2,2021-11-08
24063,857,16960.48,39,17182360702,CB-1,BV111,4,5,1,2,2021-11-08
24060,1313,80036.95,19,17182361158,CO-1,TR333,2,5,1,1,2021-11-07
24061,1765,67509.85,38,17182361610,CC-1,TR333,1,2,1,1,2021-11-07
24058,573,92117.95,18,17182360418,CC-1,TR333,1,2,1,2,2021-11-05
24059,632,25870.33,28,17182360477,CP-1,EF222,3,1,1,2,2021-11-05
24057,1155,90224.85,40,17182361000,COR-2,TR333,2,3,1,1,2021-11-03
24055,1952,72735.5,34,17182361797,CPR-2,EF222,3,2,1,3,2021-11-01
24056,1994,54318.63,23,17182361839,CC-1,TR333,1,224,2,2,2021-11-01
24053,1804,28460.63,32,17182361649,CPR-2,TR333,3,165,2,1,2021-10-31
24054,1988,21474.79,28,17182361833,CC-1,TR333,1,77,2,1,2021-10-31
24049,781,20994.14,24,17182360626,CO-1,BV111,2,205,2,1,2021-10-30
24050,881,42947.72,41,17182360726,CO-1,BV111,2,6,1,3,2021-10-30
24051,1458,62803.25,21,17182361303,CO-1,TR333,2,68,2,2,2021-10-30
24052,1756,96586.7,40,17182361601,CP-1,TR333,3,5,1,3,2021-10-30
24048,748,19255.61,30,17182360593,CP-1,TR333,3,53,2,1,2021-10-29
24046,1532,16873.77,27,17182361377,COR-2,EF222,2,114,2,3,2021-10-28
24047,1873,69118.52,36,17182361718,CC-1,TR333,1,6,1,2,2021-10-28
24043,1024,52943.25,22,17182360869,CCR-2,TR333,1,0,1,1,2021-10-26
24044,1470,74469.65,42,17182361315,CCR-2,EF222,1,0,1,1,2021-10-26
24045,1927,17157.02,26,17182361772,CC-1,BV111,1,1,1,3,2021-10-26
24041,1330,40538.95,42,17182361175,COR-2,EF222,2,5,1,1,2021-10-25
24042,1798,89608.84,28,17182361643,COR-2,TR333,2,2,1,1,2021-10-25
24037,697,50823.65,24,17182360542,CCR-2,BV111,1,2,1,2,2021-10-24
24038,793,77996.62,31,17182360638,CBR-2,TR333,4,2,1,3,2021-10-24
24039,960,73702.02,48,17182360805,CBR-2,EF222,4,1,1,1,2021-10-24
24040,1145,69107.34,25,17182360990,CO-1,TR333,2,63,2,2,2021-10-24
24031,628,10658,31,17182360473,CBR-2,TR333,4,70,2,3,2021-10-22
24032,951,16542.85,41,17182360796,CC-1,BV111,1,87,2,3,2021-10-22
24033,1190,93550.51,21,17182361035,CBR-2,EF222,4,118,2,3,2021-10-22
24034,1414,65051.5,46,17182361259,COR-2,TR333,2,12,2,1,2021-10-22
24035,1685,73891.44,27,17182361530,CBR-2,TR333,4,2,1,2,2021-10-22
24036,1817,16047.44,39,17182361662,CBR-2,BV111,4,6,1,3,2021-10-22
24030,664,91834.58,44,17182360509,CB-1,TR333,4,4,1,2,2021-10-21
24029,1758,43553.95,21,17182361603,CBR-2,TR333,4,189,2,3,2021-10-20
24026,518,85856.24,40,17182360363,CPR-4,TR333,5,5,1,1,2021-10-19
24027,1199,58692.39,36,17182361044,CCR-2,BV111,1,196,2,3,2021-10-19
24028,1796,66928.25,28,17182361641,CPR-4,TR333,5,5,1,2,2021-10-19
24025,1081,21578.17,42,17182360926,CC-1,BV111,1,6,1,2,2021-10-18
24024,817,46465.34,35,17182360662,CC-1,BV111,1,180,2,1,2021-10-17
24021,554,57588.21,25,17182360399,CO-1,TR333,2,5,1,2,2021-10-15
24022,967,43410.54,19,17182360812,CO-1,BV111,2,0,1,2,2021-10-15
24023,1474,19523.62,48,17182361319,CBR-2,TR333,4,1,1,3,2021-10-15
24018,1374,28288.24,46,17182361219,COR-2,TR333,2,214,2,3,2021-10-14
24019,1568,29523.64,39,17182361413,CB-1,TR333,4,111,2,1,2021-10-14
24020,1863,55864.03,14,17182361708,CC-1,TR333,1,210,2,3,2021-10-14
24016,1754,68998.29,22,17182361599,CPR-2,TR333,3,150,2,1,2021-10-13
24017,1941,54703.83,36,17182361786,CBR-2,BV111,4,121,2,3,2021-10-13
24015,551,57336.75,29,17182360396,CC-1,BV111,1,2,1,3,2021-10-12
24014,1622,69298.68,31,17182361467,CBR-2,EF222,4,0,1,1,2021-10-11
24012,1148,86632.98,34,17182360993,COR-2,TR333,2,215,2,3,2021-10-10
24013,1833,37236.06,15,17182361678,CC-1,TR333,1,205,2,1,2021-10-10
24011,1507,88797.93,30,17182361352,CC-1,BV111,1,54,2,3,2021-10-09
24009,679,34381.21,29,17182360524,CB-1,BV111,4,6,1,2,2021-10-07
24010,788,40627.37,24,17182360633,CPR-2,TR333,3,238,2,3,2021-10-07
24008,1249,98285.91,15,17182361094,CBR-2,BV111,4,137,2,2,2021-10-06
24007,1770,82111.47,38,17182361615,CBR-2,EF222,4,91,2,1,2021-10-05
24005,676,57807.72,44,17182360521,CBR-2,TR333,4,11,2,2,2021-10-04
24006,1439,28425.9,18,17182361284,CO-1,BV111,2,237,2,3,2021-10-04
24003,1351,49075.01,44,17182361196,CO-1,BV111,2,1,1,3,2021-10-03
24004,1480,94894.34,17,17182361325,CCR-2,EF222,1,171,2,2,2021-10-03
24002,1881,46368.58,24,17182361726,CC-1,BV111,1,108,2,3,2021-10-02
24001,1304,98562,30,17182361149,CB-1,TR333,4,2,1,3,2021-10-01
23999,1230,27053.18,33,17182361075,CCR-2,EF222,1,0,1,2,2021-09-30
24000,1905,10186.3,33,17182361750,CC-1,TR333,1,5,1,3,2021-09-30
23997,657,70941.32,39,17182360502,CBR-2,BV111,4,139,2,1,2021-09-28
23998,1282,64295.03,41,17182361127,CC-1,EF222,1,5,1,1,2021-09-28
23996,1259,38596.75,36,17182361104,CBR-2,BV111,4,5,1,2,2021-09-27
23994,1420,91735.28,19,17182361265,CBR-2,EF222,4,4,1,2,2021-09-26
23995,1692,81772.29,20,17182361537,CO-1,EF222,2,2,1,3,2021-09-26
23992,1296,82612.57,34,17182361141,CO-1,TR333,2,2,1,1,2021-09-25
23993,1821,24233.38,12,17182361666,CC-1,BV111,1,4,1,2,2021-09-25
23990,982,94875.54,30,17182360827,COR-2,EF222,2,225,2,2,2021-09-24
23991,1505,92730.06,37,17182361350,CP-1,TR333,3,3,1,1,2021-09-24
23989,1657,30040.77,36,17182361502,CPR-2,BV111,3,5,1,3,2021-09-23
23986,950,14439.26,14,17182360795,CBR-2,EF222,4,72,2,3,2021-09-22
23987,1387,60541.32,41,17182361232,CBR-2,BV111,4,3,1,2,2021-09-22
23988,1903,71288.73,26,17182361748,CBR-2,TR333,4,62,2,2,2021-09-22
23982,977,83873.87,44,17182360822,CBR-2,BV111,4,2,1,3,2021-09-20
23983,1214,76810.8,35,17182361059,CO-1,TR333,2,4,1,3,2021-09-20
23984,1904,72561.82,19,17182361749,CBR-2,TR333,4,99,2,3,2021-09-20
23985,1940,24201.94,32,17182361785,CC-1,EF222,1,160,2,2,2021-09-20
23981,1619,75345.82,39,17182361464,COR-2,BV111,2,4,1,2,2021-09-19
23980,1694,66050.74,30,17182361539,CC-1,TR333,1,231,2,2,2021-09-18
23979,1133,59162.41,46,17182360978,CBR-2,TR333,4,3,1,2,2021-09-17
23976,936,57998.28,20,17182360781,CBR-2,TR333,4,1,1,3,2021-09-16
23977,983,19752.37,21,17182360828,CB-1,TR333,4,3,1,1,2021-09-16
23978,1517,84844.53,36,17182361362,CBR-2,BV111,4,4,1,3,2021-09-16
23974,1212,92611.08,16,17182361057,CO-1,EF222,2,6,1,3,2021-09-15
23975,1822,75172.01,37,17182361667,CC-1,EF222,1,6,1,3,2021-09-15
23971,755,12240.56,37,17182360600,CB-1,TR333,4,12,2,1,2021-09-14
23972,1208,79482.36,33,17182361053,CB-1,TR333,4,3,1,1,2021-09-14
23973,1318,96689.77,40,17182361163,CC-1,TR333,1,2,1,1,2021-09-14
23969,786,41639.33,17,17182360631,CP-1,TR333,3,2,1,1,2021-09-13
23970,1393,66338.86,27,17182361238,CCR-2,TR333,1,6,1,3,2021-09-13
23968,1166,74182.09,42,17182361011,CCR-2,TR333,1,0,1,1,2021-09-12
23967,1602,85768.19,40,17182361447,CBR-2,EF222,4,3,1,3,2021-09-11
23966,1113,62716.87,23,17182360958,CB-1,TR333,4,240,2,3,2021-09-10
23962,1147,26367.62,13,17182360992,COR-2,BV111,2,1,1,2,2021-09-09
23963,1688,20950.32,38,17182361533,CB-1,TR333,4,88,2,3,2021-09-09
23964,1896,89567.61,17,17182361741,CB-1,TR333,4,4,1,2,2021-09-09
23965,1966,62014.25,41,17182361811,CBR-2,TR333,4,177,2,3,2021-09-09
23959,1400,37580.33,39,17182361245,CC-1,EF222,1,231,2,2,2021-09-08
23960,1644,72143.56,40,17182361489,CBR-2,TR333,4,164,2,3,2021-09-08
23961,1924,22308.22,43,17182361769,CCR-2,TR333,1,2,1,1,2021-09-08
23957,587,66388.78,47,17182360432,COR-2,BV111,2,6,1,3,2021-09-06
23958,1366,61411.44,45,17182361211,CO-1,TR333,2,1,1,2,2021-09-06
23955,811,86720.76,29,17182360656,CP-1,BV111,3,3,1,1,2021-09-05
23956,833,52892.31,13,17182360678,CB-1,TR333,4,1,1,1,2021-09-05
23953,911,15257.22,29,17182360756,CC-1,BV111,1,4,1,3,2021-09-04
23954,1716,14092.72,30,17182361561,CBR-2,TR333,4,6,1,1,2021-09-04
23950,559,51400.64,33,17182360404,CBR-2,BV111,4,3,1,1,2021-09-03
23951,938,40092.83,20,17182360783,CC-1,TR333,1,206,2,3,2021-09-03
23952,1044,43683.93,24,17182360889,CBR-2,TR333,4,136,2,2,2021-09-03
23948,709,44878.09,48,17182360554,CBR-2,BV111,4,127,2,2,2021-09-02
23949,937,35747.82,39,17182360782,COR-2,BV111,2,5,1,1,2021-09-02
23944,1221,26237.54,44,17182361066,CO-1,BV111,2,6,1,1,2021-09-01
23945,1471,28472.93,30,17182361316,CBR-2,BV111,4,1,1,2,2021-09-01
23946,1579,22513.54,27,17182361424,CC-1,BV111,1,5,1,1,2021-09-01
23947,1581,31388.92,19,17182361426,CBR-2,BV111,4,225,2,3,2021-09-01
23942,930,69449.33,48,17182360775,CCR-2,EF222,1,4,1,2,2021-08-31
23943,1791,16280.8,13,17182361636,CB-1,BV111,4,1,1,2,2021-08-31
23938,619,65482.32,19,17182360464,CBR-2,BV111,4,117,2,1,2021-08-30
23939,1149,71665.88,15,17182360994,COR-2,BV111,2,1,1,3,2021-08-30
23940,1315,85916.22,32,17182361160,CC-1,TR333,1,35,2,1,2021-08-30
23941,1832,11908.98,15,17182361677,CCR-2,EF222,1,3,1,3,2021-08-30
23935,495,69955.02,39,17182360340,CC-1,TR333,1,2,1,3,2021-08-29
23936,586,94133.13,30,17182360431,CC-1,TR333,1,3,1,1,2021-08-29
23937,684,58202.23,40,17182360529,CBR-2,TR333,4,22,2,2,2021-08-29
23930,608,18155.98,25,17182360453,CPR-2,TR333,3,46,2,1,2021-08-28
23931,931,11126.67,36,17182360776,CC-1,BV111,1,212,2,1,2021-08-28
23932,1095,52908.95,26,17182360940,CC-1,TR333,1,2,1,3,2021-08-28
23933,1291,63758.45,41,17182361136,CBR-2,BV111,4,91,2,3,2021-08-28
23934,1747,30301.54,22,17182361592,CB-1,BV111,4,97,2,2,2021-08-28
23929,1084,42131.01,41,17182360929,CCR-2,TR333,1,3,1,3,2021-08-27
23928,1184,70921.68,28,17182361029,CBR-2,TR333,4,5,1,3,2021-08-26
23924,481,51941.13,40,17182360326,CC-1,BV111,1,6,1,2,2021-08-25
23925,576,29160.93,34,17182360421,CC-1,TR333,1,6,1,3,2021-08-25
23926,995,97561,20,17182360840,CBR-2,TR333,4,1,1,1,2021-08-25
23927,1839,45072.39,22,17182361684,CO-1,BV111,2,1,1,1,2021-08-25
23923,1020,23552.37,39,17182360865,CC-1,EF222,1,158,2,3,2021-08-24
23920,623,81561.95,31,17182360468,COR-2,TR333,2,3,1,3,2021-08-23
23921,1137,31417.75,34,17182360982,CB-1,BV111,4,232,2,2,2021-08-23
23922,1967,92100.44,37,17182361812,CC-1,BV111,1,6,1,3,2021-08-23
23919,641,99023.05,19,17182360486,CPR-2,BV111,3,46,2,3,2021-08-22
23913,503,44089.84,20,17182360348,CBR-2,TR333,4,1,1,2,2021-08-21
23914,568,72378.51,36,17182360413,CP-3,TR333,5,164,2,2,2021-08-21
23915,1404,30041.94,39,17182361249,COR-2,TR333,2,2,1,3,2021-08-21
23916,1596,14573.06,25,17182361441,CBR-2,TR333,4,0,1,1,2021-08-21
23917,1722,24508.59,24,17182361567,COR-2,EF222,2,6,1,3,2021-08-21
23918,1739,89874.07,46,17182361584,CBR-2,BV111,4,2,1,2,2021-08-21
23910,1027,53864.16,32,17182360872,CC-1,BV111,1,4,1,2,2021-08-20
23911,1648,65734.81,15,17182361493,COR-2,TR333,2,0,1,2,2021-08-20
23912,1866,18711.57,32,17182361711,CBR-2,TR333,4,224,2,1,2021-08-20
23907,1185,62591.29,40,17182361030,CO-1,TR333,2,163,2,1,2021-08-19
23908,1384,31053.19,26,17182361229,CP-1,TR333,3,123,2,2,2021-08-19
23909,1793,54475.07,21,17182361638,CB-1,TR333,4,1,1,1,2021-08-19
23905,1161,68352.3,32,17182361006,CC-1,BV111,1,6,1,3,2021-08-18
23906,1261,41117.64,43,17182361106,CBR-2,BV111,4,221,2,1,2021-08-18
23904,1746,22309.87,19,17182361591,CBR-2,TR333,4,5,1,1,2021-08-17
23900,1255,70028.59,29,17182361100,CBR-2,TR333,4,6,1,1,2021-08-16
23901,1549,23423.68,15,17182361394,CCR-2,BV111,1,1,1,1,2021-08-16
23902,1735,35308.64,24,17182361580,CBR-2,TR333,4,0,1,3,2021-08-16
23903,1917,45848.56,20,17182361762,CP-1,BV111,3,0,1,2,2021-08-16
23896,477,46715.17,41,17182360322,CC-1,BV111,1,1,1,2,2021-08-15
23897,745,54908.23,43,17182360590,CPR-2,TR333,3,3,1,3,2021-08-15
23898,958,80710.31,18,17182360803,CB-1,TR333,4,175,2,1,2021-08-15
23899,1232,97081.78,29,17182361077,CB-1,EF222,4,6,1,2,2021-08-15
23894,1110,60563.84,18,17182360955,CC-1,EF222,1,20,2,1,2021-08-14
23895,1956,38319.72,38,17182361801,CPR-2,TR333,3,5,1,1,2021-08-14
23893,1019,47343.32,13,17182360864,CC-1,BV111,1,1,1,1,2021-08-13
23891,1124,65681.42,20,17182360969,CC-1,TR333,1,190,2,2,2021-08-12
23892,1920,74310.99,43,17182361765,CPR-2,EF222,3,5,1,2,2021-08-12
23890,1618,52486.66,43,17182361463,CP-1,TR333,3,3,1,1,2021-08-11
23888,512,25568.64,27,17182360357,CBR-2,EF222,4,136,2,2,2021-08-10
23889,1433,38736.66,46,17182361278,CPR-2,TR333,3,187,2,3,2021-08-10
23886,1606,44823.32,15,17182361451,CBR-2,TR333,4,63,2,3,2021-08-08
23887,1704,58795.18,41,17182361549,CB-1,TR333,4,189,2,3,2021-08-08
23883,669,76426.23,21,17182360514,CCR-2,BV111,1,4,1,1,2021-08-07
23884,999,49860.84,48,17182360844,CC-1,BV111,1,157,2,2,2021-08-07
23885,1711,53603.04,37,17182361556,CC-1,BV111,1,4,1,1,2021-08-07
23882,770,42775.29,29,17182360615,CB-1,EF222,4,183,2,1,2021-08-06
23878,694,41879.8,20,17182360539,CO-1,TR333,2,154,2,2,2021-08-05
23879,1157,34806.95,26,17182361002,CC-1,BV111,1,43,2,3,2021-08-05
23880,1684,59671.46,46,17182361529,CBR-2,TR333,4,3,1,3,2021-08-05
23881,1991,86049.51,38,17182361836,CC-1,BV111,1,135,2,3,2021-08-05
23877,1658,86619.29,21,17182361503,COR-2,TR333,2,5,1,1,2021-08-04
23876,1577,36927.79,31,17182361422,CC-1,BV111,1,4,1,2,2021-08-03
23873,972,44149.04,33,17182360817,CBR-2,EF222,4,6,1,1,2021-08-02
23874,1548,69081.37,14,17182361393,CC-1,TR333,1,5,1,1,2021-08-02
23875,1858,98139.67,13,17182361703,CCR-2,TR333,1,3,1,1,2021-08-02
23872,590,69100.26,15,17182360435,CC-1,EF222,1,91,2,3,2021-08-01
23866,12,99575.06,17,17182359857,CC-1,EF222,1,6,1,3,2021-07-31
23867,47,29719.88,16,17182359892,CC-1,BV111,1,95,2,1,2021-07-31
23868,134,31150.05,35,17182359979,CC-1,TR333,1,4,1,3,2021-07-31
23869,212,73482.93,20,17182360057,CC-1,EF222,1,180,2,2,2021-07-31
23870,925,63947.91,16,17182360770,CC-1,TR333,1,202,2,1,2021-07-31
23871,1479,13776.62,27,17182361324,CBR-2,BV111,4,0,1,3,2021-07-31
23863,712,29077.01,42,17182360557,CCR-2,EF222,1,2,1,3,2021-07-30
23864,945,46815.65,37,17182360790,CBR-2,TR333,4,0,1,2,2021-07-30
23865,1026,76416.03,35,17182360871,CB-1,TR333,4,6,1,1,2021-07-30
23860,574,43881.12,34,17182360419,CC-1,TR333,1,5,1,2,2021-07-29
23861,1241,44295.46,39,17182361086,CCR-2,BV111,1,3,1,3,2021-07-29
23862,1683,64004.11,30,17182361528,CBR-2,TR333,4,5,1,3,2021-07-29
23856,34,50265.8,44,17182359879,CO-1,TR333,2,204,2,3,2021-07-28
23857,86,83625.72,14,17182359931,CC-1,TR333,1,6,1,3,2021-07-28
23858,1183,86597.24,32,17182361028,CBR-2,TR333,4,103,2,3,2021-07-28
23859,1985,40538.13,27,17182361830,CP-1,TR333,3,26,2,1,2021-07-28
23853,77,43804.49,20,17182359922,CC-1,BV111,1,4,1,2,2021-07-27
23854,617,39411.1,20,17182360462,CBR-2,BV111,4,201,2,1,2021-07-27
23855,935,48651.49,24,17182360780,CBR-2,TR333,4,104,2,1,2021-07-27
23848,194,79243.57,28,17182360039,CC-1,TR333,1,4,1,1,2021-07-26
23849,291,55033.95,45,17182360136,CB-1,BV111,4,0,1,2,2021-07-26
23850,665,18482.1,24,17182360510,CB-1,TR333,4,108,2,2,2021-07-26
23851,1333,81116.49,36,17182361178,CBR-2,TR333,4,5,1,3,2021-07-26
23852,1590,42467.35,44,17182361435,COR-2,EF222,2,2,1,3,2021-07-26
23847,1339,74874.6,26,17182361184,CCR-2,BV111,1,6,1,2,2021-07-24
23840,731,97965.37,48,17182360576,COR-2,BV111,2,191,2,1,2021-07-23
23841,784,38804.02,39,17182360629,CBR-2,TR333,4,4,1,1,2021-07-23
23842,1085,60247.19,21,17182360930,CBR-2,TR333,4,151,2,3,2021-07-23
23843,1206,52875.46,26,17182361051,CO-1,TR333,2,6,1,1,2021-07-23
23844,1265,78363.07,21,17182361110,CBR-2,TR333,4,17,2,3,2021-07-23
23845,1297,72419.61,20,17182361142,CB-1,BV111,4,0,1,3,2021-07-23
23846,1410,95497.13,28,17182361255,CBR-2,EF222,4,3,1,3,2021-07-23
23837,583,95126.88,21,17182360428,CBR-2,TR333,4,3,1,2,2021-07-22
23838,830,16478.03,47,17182360675,CPR-4,EF222,5,53,2,3,2021-07-22
23839,1352,35281.59,37,17182361197,CB-1,EF222,4,0,1,3,2021-07-22
23835,424,65850.3,23,17182360269,CO-1,TR333,2,6,1,3,2021-07-21
23836,672,25230.54,13,17182360517,CBR-2,EF222,4,186,2,2,2021-07-21
23831,380,51134.66,37,17182360225,CC-1,EF222,1,25,2,2,2021-07-20
23832,724,26680.3,13,17182360569,CBR-2,TR333,4,6,1,1,2021-07-20
23833,993,31608.07,16,17182360838,CBR-2,TR333,4,3,1,2,2021-07-20
23834,1496,20604.97,45,17182361341,CO-1,TR333,2,4,1,3,2021-07-20
23828,349,91831.05,20,17182360194,CCR-2,BV111,1,139,2,1,2021-07-19
23829,1187,82438.63,19,17182361032,COR-2,BV111,2,171,2,3,2021-07-19
23830,1738,73889.67,27,17182361583,CC-1,TR333,1,5,1,1,2021-07-19
23825,51,44063.19,33,17182359896,CP-1,BV111,3,236,2,3,2021-07-18
23826,309,96579.09,42,17182360154,CBR-2,BV111,4,153,2,1,2021-07-18
23827,1553,10918.34,22,17182361398,CO-1,TR333,2,3,1,3,2021-07-18
23821,670,53084.47,20,17182360515,CBR-2,EF222,4,71,2,2,2021-07-17
23822,1235,68584.72,12,17182361080,CC-1,TR333,1,193,2,1,2021-07-17
23823,1733,68362.41,48,17182361578,CPR-2,TR333,3,3,1,2,2021-07-17
23824,1779,19073.92,39,17182361624,CCR-2,BV111,1,70,2,3,2021-07-17
23819,426,31299.3,16,17182360271,CPR-4,TR333,5,194,2,3,2021-07-16
23820,1478,53993.07,35,17182361323,CC-1,TR333,1,213,2,1,2021-07-16
23812,430,58341.04,31,17182360275,CPR-4,EF222,5,237,2,3,2021-07-15
23813,437,87305.45,39,17182360282,CPR-4,BV111,5,124,2,2,2021-07-15
23814,447,67247.6,43,17182360292,CBR-2,BV111,4,3,1,1,2021-07-15
23815,450,34330.03,36,17182360295,CCR-2,EF222,1,40,2,3,2021-07-15
23816,1164,61640.96,43,17182361009,COR-2,TR333,2,0,1,2,2021-07-15
23817,1633,80766.18,43,17182361478,CBR-2,TR333,4,112,2,2,2021-07-15
23818,1993,80052.82,44,17182361838,CBR-2,TR333,4,58,2,3,2021-07-15
23808,428,31299.05,36,17182360273,CP-3,TR333,5,2,1,3,2021-07-14
23809,542,73571.02,47,17182360387,CC-1,EF222,1,1,1,2,2021-07-14
23810,1099,52206.99,24,17182360944,CO-1,BV111,2,5,1,3,2021-07-14
23811,1105,25365.63,30,17182360950,CBR-2,TR333,4,4,1,2,2021-07-14
23803,462,22730.15,41,17182360307,CBR-2,EF222,4,6,1,3,2021-07-13
23804,910,11473.41,45,17182360755,CO-1,EF222,2,107,2,2,2021-07-13
23805,1371,95379.65,33,17182361216,CBR-2,BV111,4,4,1,3,2021-07-13
23806,1401,97818.9,34,17182361246,CO-1,BV111,2,135,2,3,2021-07-13
23807,1604,53930.02,21,17182361449,CPR-2,TR333,3,233,2,3,2021-07-13
23798,442,15840.85,22,17182360287,CB-1,EF222,4,3,1,3,2021-07-11
23799,446,31124.04,33,17182360291,CCR-2,TR333,1,0,1,1,2021-07-11
23800,898,60913.57,36,17182360743,CBR-2,TR333,4,59,2,2,2021-07-11
23801,912,52171.39,36,17182360757,CO-1,EF222,2,4,1,1,2021-07-11
23802,1998,86823.4,44,17182361843,CC-1,TR333,1,2,1,1,2021-07-11
23796,425,36539.26,34,17182360270,CP-3,TR333,5,97,2,3,2021-07-10
23797,1307,94153.84,18,17182361152,COR-2,BV111,2,174,2,3,2021-07-10
23787,431,79962.36,40,17182360276,CO-1,BV111,2,161,2,3,2021-07-09
23788,432,93682.81,16,17182360277,CCR-2,EF222,1,0,1,1,2021-07-09
23789,436,38074.41,25,17182360281,CC-1,TR333,1,3,1,1,2021-07-09
23790,439,69563.5,45,17182360284,CBR-2,BV111,4,60,2,2,2021-07-09
23791,443,61828.42,29,17182360288,CP-3,TR333,5,3,1,3,2021-07-09
23792,453,91411.91,39,17182360298,CP-3,TR333,5,17,2,2,2021-07-09
23793,736,26819.53,22,17182360581,CCR-2,TR333,1,107,2,3,2021-07-09
23794,1421,25501.06,39,17182361266,CB-1,BV111,4,1,1,2,2021-07-09
23795,1982,81727.31,23,17182361827,CPR-2,EF222,3,4,1,1,2021-07-09
23782,175,93037.81,28,17182360020,CBR-2,TR333,4,4,1,1,2021-07-08
23783,251,51035.19,28,17182360096,CB-1,BV111,4,60,2,1,2021-07-08
23784,441,59931.88,12,17182360286,CB-1,BV111,4,2,1,3,2021-07-08
23785,452,87599.18,15,17182360297,CC-1,EF222,1,1,1,2,2021-07-08
23786,459,61437.35,35,17182360304,COR-2,BV111,2,3,1,3,2021-07-08
23775,50,93878.64,36,17182359895,CP-1,EF222,3,125,2,3,2021-07-07
23776,455,29896.73,31,17182360300,CO-1,TR333,2,195,2,3,2021-07-07
23777,458,11021.25,20,17182360303,CC-1,TR333,1,197,2,2,2021-07-07
23778,1448,91286.8,13,17182361293,CP-1,TR333,3,70,2,3,2021-07-07
23779,1677,94891.3,19,17182361522,CC-1,BV111,1,144,2,1,2021-07-07
23780,1771,51328.08,34,17182361616,CB-1,BV111,4,130,2,3,2021-07-07
23781,1910,71874.43,41,17182361755,CP-1,EF222,3,1,1,3,2021-07-07
23773,1011,41049.06,26,17182360856,CBR-2,BV111,4,232,2,2,2021-07-06
23774,1337,63275.63,16,17182361182,CC-1,BV111,1,63,2,3,2021-07-06
23770,445,26774,46,17182360290,CPR-4,TR333,5,5,1,3,2021-07-05
23771,465,93617.84,39,17182360310,CCR-2,TR333,1,79,2,2,2021-07-05
23772,1179,42846.49,41,17182361024,CP-3,BV111,5,3,1,1,2021-07-05
23764,304,61484.23,17,17182360149,CC-1,TR333,1,185,2,1,2021-07-04
23765,433,60413.49,15,17182360278,CBR-2,TR333,4,5,1,1,2021-07-04
23766,435,66495.62,24,17182360280,CC-1,TR333,1,1,1,2,2021-07-04
23767,460,55366.83,43,17182360305,CBR-2,EF222,4,225,2,2,2021-07-04
23768,490,47104.95,19,17182360335,CC-1,EF222,1,166,2,2,2021-07-04
23769,1002,50795.19,30,17182360847,CC-1,EF222,1,0,1,2,2021-07-04
23762,451,10941.35,38,17182360296,CCR-2,BV111,1,3,1,1,2021-07-03
23763,464,26357.57,33,17182360309,CC-1,TR333,1,2,1,1,2021-07-03
23761,1976,72506.39,47,17182361821,CPR-2,TR333,3,1,1,3,2021-07-02
23758,190,29413.53,26,17182360035,CCR-2,EF222,1,4,1,1,2021-07-01
23759,434,97178.4,17,17182360279,CC-1,TR333,1,48,2,1,2021-07-01
23760,1043,44344.61,17,17182360888,CC-1,TR333,1,130,2,2,2021-07-01
23753,596,88828.54,34,17182360441,CCR-2,TR333,1,33,2,3,2021-06-30
23754,653,44998.45,18,17182360498,CPR-2,TR333,3,233,2,2,2021-06-30
23755,949,80944.87,18,17182360794,CC-1,BV111,1,14,2,3,2021-06-30
23756,1288,54135.1,31,17182361133,CC-1,TR333,1,127,2,2,2021-06-30
23757,1792,36601.02,31,17182361637,CPR-4,EF222,5,4,1,1,2021-06-30
23748,622,74189.32,39,17182360467,CP-1,EF222,3,0,1,2,2021-06-29
23749,637,25827.16,24,17182360482,CO-1,BV111,2,0,1,3,2021-06-29
23750,880,92914.69,27,17182360725,CCR-2,EF222,1,1,1,1,2021-06-29
23751,1552,27594.15,18,17182361397,CO-1,EF222,2,0,1,2,2021-06-29
23752,1700,67784.21,28,17182361545,CBR-2,EF222,4,1,1,1,2021-06-29
23744,469,98915.13,42,17182360314,CC-1,BV111,1,118,2,3,2021-06-28
23745,1331,18018.08,22,17182361176,CBR-2,BV111,4,224,2,1,2021-06-28
23746,1335,85047.12,32,17182361180,CCR-2,TR333,1,4,1,1,2021-06-28
23747,1397,58749.16,25,17182361242,CBR-2,BV111,4,1,1,1,2021-06-28
23742,1370,58111.68,46,17182361215,CBR-2,EF222,4,37,2,2,2021-06-27
23743,1546,35456.89,22,17182361391,CBR-2,TR333,4,4,1,2,2021-06-27
23741,666,41590.47,43,17182360511,CBR-2,TR333,4,6,1,2,2021-06-26
23736,613,43472.18,35,17182360458,CBR-2,TR333,4,1,1,3,2021-06-24
23737,891,35929.22,14,17182360736,CO-1,BV111,2,202,2,2,2021-06-24
23738,1122,47137.59,33,17182360967,COR-2,EF222,2,138,2,1,2021-06-24
23739,1437,80550.59,30,17182361282,CPR-2,BV111,3,186,2,1,2021-06-24
23740,1710,12998.31,35,17182361555,CBR-2,EF222,4,217,2,1,2021-06-24
23734,1612,73460.89,27,17182361457,CBR-2,EF222,4,0,1,2,2021-06-23
23735,1768,84276.17,34,17182361613,CBR-2,TR333,4,2,1,1,2021-06-23
23730,605,67346.55,24,17182360450,CB-1,TR333,4,217,2,1,2021-06-22
23731,1050,74114.58,42,17182360895,CB-1,EF222,4,5,1,2,2021-06-22
23732,1059,44864.71,48,17182360904,CO-1,BV111,2,214,2,1,2021-06-22
23733,1502,51648.11,17,17182361347,CBR-2,EF222,4,44,2,3,2021-06-22
23727,975,95608.08,29,17182360820,CBR-2,TR333,4,138,2,1,2021-06-21
23728,1682,11324.87,26,17182361527,CP-1,EF222,3,69,2,3,2021-06-21
23729,1801,92752.7,16,17182361646,CCR-2,BV111,1,157,2,3,2021-06-21
23725,1287,59607.22,46,17182361132,CCR-2,BV111,1,10,2,2,2021-06-20
23726,1961,90699.56,41,17182361806,CC-1,BV111,1,3,1,2,2021-06-20
23724,1262,57517.15,27,17182361107,COR-2,EF222,2,70,2,3,2021-06-19
23720,691,70236.71,29,17182360536,CC-1,BV111,1,3,1,2,2021-06-18
23721,835,95672.24,15,17182360680,CPR-4,TR333,5,33,2,1,2021-06-18
23722,1534,28640.55,43,17182361379,CBR-2,TR333,4,6,1,1,2021-06-18
23723,1922,81013.95,29,17182361767,CC-1,EF222,1,6,1,3,2021-06-18
23716,533,89716.39,35,17182360378,CP-3,TR333,5,44,2,2,2021-06-17
23717,1128,34875.98,18,17182360973,CCR-2,TR333,1,68,2,3,2021-06-17
23718,1267,52138.33,20,17182361112,CB-1,BV111,4,3,1,3,2021-06-17
23719,1487,90212.49,42,17182361332,CPR-2,BV111,3,196,2,1,2021-06-17
23713,521,52928.75,39,17182360366,CC-1,BV111,1,1,1,2,2021-06-16
23714,1708,93698.25,16,17182361553,CBR-2,TR333,4,240,2,2,2021-06-16
23715,1813,92160.92,13,17182361658,CC-1,TR333,1,6,1,3,2021-06-16
23711,862,34591.52,22,17182360707,COR-2,EF222,2,4,1,3,2021-06-15
23712,1156,30481.68,30,17182361001,COR-2,TR333,2,6,1,2,2021-06-15
23709,838,14268.69,32,17182360683,CP-3,TR333,5,235,2,3,2021-06-14
23710,1492,90642.59,21,17182361337,CC-1,EF222,1,158,2,2,2021-06-14
23708,1229,82797.25,46,17182361074,CC-1,BV111,1,6,1,2,2021-06-13
23707,771,49003.42,43,17182360616,CP-1,BV111,3,208,2,1,2021-06-12
23706,1726,75989.37,14,17182361571,CBR-2,TR333,4,222,2,1,2021-06-11
23704,1064,86824.07,46,17182360909,COR-2,TR333,2,0,1,1,2021-06-10
23705,1797,68437.48,43,17182361642,CPR-2,BV111,3,49,2,1,2021-06-10
23700,711,15283,33,17182360556,CBR-2,BV111,4,87,2,2,2021-06-09
23701,1360,30240,46,17182361205,COR-2,EF222,2,190,2,1,2021-06-09
23702,1751,81001.36,22,17182361596,CB-1,BV111,4,125,2,2,2021-06-09
23703,1989,36692.53,15,17182361834,CC-1,BV111,1,1,1,2,2021-06-09
23699,1038,27326.23,34,17182360883,CB-1,TR333,4,4,1,2,2021-06-07
23696,790,26049.12,28,17182360635,CBR-2,EF222,4,146,2,3,2021-06-06
23697,1561,68213.16,39,17182361406,CC-1,BV111,1,6,1,2,2021-06-06
23698,1781,94605.05,39,17182361626,CPR-2,BV111,3,6,1,2,2021-06-06
23695,1457,89568.65,21,17182361302,CP-1,BV111,3,150,2,1,2021-06-05
23692,756,88354.22,25,17182360601,CPR-2,TR333,3,5,1,2,2021-06-04
23693,1379,35054.15,44,17182361224,CBR-2,BV111,4,0,1,3,2021-06-04
23694,1666,71006.35,38,17182361511,CO-1,TR333,2,3,1,3,2021-06-04
23691,624,91158.73,16,17182360469,CP-1,TR333,3,21,2,3,2021-06-03
23689,1302,76427.52,29,17182361147,CCR-2,EF222,1,5,1,1,2021-06-02
23690,1816,50248.26,25,17182361661,CP-3,TR333,5,96,2,2,2021-06-02
23687,828,98294.5,41,17182360673,CP-3,TR333,5,47,2,2,2021-06-01
23688,1195,66576.38,34,17182361040,CB-1,TR333,4,201,2,2,2021-06-01
23686,1191,88292.1,23,17182361036,CC-1,BV111,1,74,2,2,2021-05-31
23679,948,62441.85,48,17182360793,COR-2,TR333,2,50,2,3,2021-05-30
23680,1257,16341.84,20,17182361102,CO-1,BV111,2,225,2,1,2021-05-30
23681,1376,86340.63,24,17182361221,CBR-2,TR333,4,0,1,3,2021-05-30
23682,1412,27869.21,13,17182361257,CBR-2,EF222,4,1,1,3,2021-05-30
23683,1624,61563.81,33,17182361469,CBR-2,TR333,4,110,2,3,2021-05-30
23684,1670,12350.57,23,17182361515,CO-1,EF222,2,68,2,2,2021-05-30
23685,1888,14385.93,25,17182361733,CC-1,TR333,1,158,2,1,2021-05-30
23675,555,35736.49,17,17182360400,CC-1,TR333,1,191,2,3,2021-05-29
23676,888,97976.87,12,17182360733,CCR-2,TR333,1,101,2,1,2021-05-29
23677,1118,89173.74,47,17182360963,CC-1,TR333,1,167,2,3,2021-05-29
23678,1273,33392.31,16,17182361118,CO-1,TR333,2,145,2,2,2021-05-29
23672,752,30422.74,29,17182360597,CB-1,EF222,4,153,2,2,2021-05-28
23673,1506,72771.33,37,17182361351,CPR-2,TR333,3,11,2,3,2021-05-28
23674,1647,70816.08,28,17182361492,CCR-2,BV111,1,5,1,2,2021-05-28
23670,1175,89107.37,44,17182361020,CCR-2,TR333,1,214,2,3,2021-05-27
23671,1992,31220.05,34,17182361837,CPR-2,EF222,3,238,2,3,2021-05-27
23667,1434,14332.27,32,17182361279,CCR-2,TR333,1,6,1,3,2021-05-26
23668,1693,22568.51,45,17182361538,CC-1,TR333,1,74,2,1,2021-05-26
23669,1923,74634.54,47,17182361768,CC-1,TR333,1,7,2,3,2021-05-26
23666,920,61226.25,18,17182360765,CB-1,EF222,4,1,1,3,2021-05-25
23663,569,12394.28,18,17182360414,CB-1,BV111,4,77,2,3,2021-05-24
23664,1503,51080.57,42,17182361348,CPR-2,TR333,3,4,1,3,2021-05-24
23665,1731,69143,39,17182361576,CBR-2,BV111,4,225,2,1,2021-05-24
23660,474,82758.06,19,17182360319,COR-2,TR333,2,84,2,3,2021-05-22
23661,813,77190.02,46,17182360658,CP-1,TR333,3,6,1,2,2021-05-22
23662,1514,60837.91,12,17182361359,CBR-2,TR333,4,230,2,2,2021-05-22
23657,1141,64301.27,40,17182360986,CCR-2,BV111,1,2,1,3,2021-05-21
23658,1599,53018.99,21,17182361444,CBR-2,BV111,4,213,2,2,2021-05-21
23659,1732,24611.18,35,17182361577,CBR-2,EF222,4,42,2,1,2021-05-21
23652,1123,83055.15,31,17182360968,CBR-2,TR333,4,120,2,2,2021-05-20
23653,1389,81408.15,29,17182361234,COR-2,BV111,2,2,1,3,2021-05-20
23654,1511,91492.02,46,17182361356,CBR-2,BV111,4,103,2,1,2021-05-20
23655,1761,67703.95,24,17182361606,CCR-2,BV111,1,1,1,1,2021-05-20
23656,1890,65773.84,12,17182361735,CCR-2,EF222,1,72,2,2,2021-05-20
23649,699,15846.22,27,17182360544,CP-1,BV111,3,3,1,2,2021-05-19
23650,1042,71568.57,30,17182360887,CBR-2,EF222,4,129,2,1,2021-05-19
23651,1477,78610.56,23,17182361322,CB-1,BV111,4,3,1,1,2021-05-19
23645,593,62310.66,44,17182360438,CCR-2,TR333,1,0,1,2,2021-05-18
23646,868,67830.92,30,17182360713,COR-2,TR333,2,160,2,1,2021-05-18
23647,1143,37492.44,15,17182360988,CP-3,TR333,5,131,2,1,2021-05-18
23648,1520,42904.39,16,17182361365,CBR-2,EF222,4,62,2,3,2021-05-18
23641,761,19389.17,34,17182360606,CC-1,BV111,1,6,1,1,2021-05-17
23642,943,50044.32,28,17182360788,CO-1,TR333,2,1,1,1,2021-05-17
23643,1305,72358.83,31,17182361150,CBR-2,TR333,4,0,1,1,2021-05-17
23644,1766,16546.43,16,17182361611,CBR-2,TR333,4,4,1,3,2021-05-17
23639,1674,61096.19,28,17182361519,CP-1,TR333,3,129,2,1,2021-05-16
23640,1790,76543.37,38,17182361635,CC-1,EF222,1,163,2,1,2021-05-16
23638,1436,57982.06,39,17182361281,COR-2,TR333,2,4,1,2,2021-05-15
23636,498,91094.8,15,17182360343,COR-2,TR333,2,225,2,1,2021-05-14
23637,1053,59317.45,13,17182360898,CBR-2,TR333,4,1,1,1,2021-05-14
23634,1497,21519.29,35,17182361342,CO-1,BV111,2,2,1,2,2021-05-13
23635,1709,68672.31,47,17182361554,CB-1,BV111,4,41,2,1,2021-05-13
23631,547,43714.44,17,17182360392,CO-1,BV111,2,109,2,3,2021-05-12
23632,1824,76186.51,43,17182361669,CC-1,TR333,1,236,2,2,2021-05-12
23633,1969,61237.17,31,17182361814,CC-1,BV111,1,2,1,2,2021-05-12
23630,1314,25225.97,41,17182361159,CO-1,TR333,2,3,1,2,2021-05-11
23629,1639,33880.59,42,17182361484,CBR-2,BV111,4,2,1,2,2021-05-10
23628,1468,30891.34,16,17182361313,CCR-2,TR333,1,88,2,2,2021-05-09
23625,858,84196.79,20,17182360703,CP-3,TR333,5,5,1,2,2021-05-08
23626,1451,92259.98,21,17182361296,CBR-2,BV111,4,207,2,2,2021-05-08
23627,1641,50566.69,15,17182361486,CBR-2,BV111,4,184,2,2,2021-05-08
23623,1015,52110.63,19,17182360860,CO-1,TR333,2,6,1,3,2021-05-07
23624,1576,62601.64,48,17182361421,CB-1,TR333,4,83,2,1,2021-05-07
23621,1216,46735.58,23,17182361061,CO-1,TR333,2,81,2,2,2021-05-06
23622,1970,28825.09,25,17182361815,CB-1,EF222,4,3,1,1,2021-05-06
23617,480,62755.45,15,17182360325,CBR-2,EF222,4,81,2,2,2021-05-05
23618,733,76087.98,17,17182360578,CBR-2,TR333,4,195,2,1,2021-05-05
23619,1818,31437.29,45,17182361663,CP-3,TR333,5,31,2,2,2021-05-05
23620,1875,98964,16,17182361720,CB-1,TR333,4,54,2,3,2021-05-05
23616,1893,16720.23,13,17182361738,CC-1,TR333,1,3,1,1,2021-05-04
23612,802,59486.58,40,17182360647,COR-2,EF222,2,8,2,1,2021-05-03
23613,877,69142.96,41,17182360722,CCR-2,BV111,1,58,2,2,2021-05-03
23614,1039,76054.19,44,17182360884,CCR-2,BV111,1,127,2,3,2021-05-03
23615,1213,82436.83,36,17182361058,CCR-2,TR333,1,3,1,2,2021-05-03
23611,1459,54302.91,33,17182361304,CB-1,BV111,4,162,2,2,2021-05-02
23608,486,96877.94,29,17182360331,CCR-2,TR333,1,2,1,3,2021-05-01
23609,962,94599.25,32,17182360807,CCR-2,EF222,1,57,2,3,2021-05-01
23610,1773,42067.41,45,17182361618,CB-1,TR333,4,3,1,2,2021-05-01
23603,1115,33729.85,17,17182360960,CBR-2,TR333,4,49,2,2,2021-04-28
23604,1125,64781.89,16,17182360970,CO-1,TR333,2,2,1,2,2021-04-28
23605,1415,19213.71,13,17182361260,CC-1,TR333,1,153,2,1,2021-04-28
23606,1494,91968.48,47,17182361339,CP-1,TR333,3,58,2,2,2021-04-28
23607,1616,88001.56,17,17182361461,CO-1,TR333,2,215,2,1,2021-04-28
23602,1628,41126.91,32,17182361473,CCR-2,TR333,1,113,2,3,2021-04-27
23600,1775,89651.36,28,17182361620,CO-1,TR333,2,5,1,2,2021-04-25
23601,1955,63988.51,13,17182361800,CP-1,TR333,3,3,1,2,2021-04-25
23596,1031,79933.69,17,17182360876,COR-2,BV111,2,58,2,2,2021-04-24
23597,1057,44216.79,22,17182360902,CB-1,BV111,4,34,2,3,2021-04-24
23598,1068,68196.84,43,17182360913,CB-1,TR333,4,5,1,1,2021-04-24
23599,1150,83177.06,43,17182360995,CBR-2,EF222,4,215,2,2,2021-04-24
23591,769,17617.05,45,17182360614,CCR-2,BV111,1,205,2,2,2021-04-23
23592,798,93398.85,31,17182360643,CC-1,TR333,1,6,1,1,2021-04-23
23593,1324,72844.26,20,17182361169,CC-1,TR333,1,4,1,3,2021-04-23
23594,1699,94644.88,29,17182361544,CBR-2,BV111,4,225,2,1,2021-04-23
23595,1891,76142.72,30,17182361736,CC-1,BV111,1,1,1,3,2021-04-23
23590,1729,61044.29,15,17182361574,CB-1,BV111,4,150,2,1,2021-04-22
23584,764,36390.6,37,17182360609,CO-1,TR333,2,150,2,1,2021-04-21
23585,1106,59256.24,29,17182360951,CCR-2,TR333,1,35,2,1,2021-04-21
23586,1165,86073.75,35,17182361010,CC-1,TR333,1,38,2,2,2021-04-21
23587,1170,54300.67,13,17182361015,CCR-2,EF222,1,3,1,2,2021-04-21
23588,1718,63954.44,18,17182361563,CPR-2,TR333,3,216,2,2,2021-04-21
23589,1960,82226.48,13,17182361805,CB-1,EF222,4,0,1,3,2021-04-21
23581,594,54122.51,25,17182360439,CCR-2,TR333,1,218,2,3,2021-04-20
23582,649,35263.57,19,17182360494,CP-1,BV111,3,4,1,1,2021-04-20
23583,1807,26257.87,45,17182361652,CC-1,BV111,1,0,1,2,2021-04-20
23580,1107,35885.67,27,17182360952,CBR-2,BV111,4,0,1,2,2021-04-19
23578,961,14059.13,13,17182360806,CB-1,BV111,4,228,2,3,2021-04-18
23579,1417,46529.14,21,17182361262,CBR-2,BV111,4,1,1,3,2021-04-18
23577,765,27154.28,13,17182360610,CO-1,TR333,2,5,1,2,2021-04-17
23574,921,37987.86,15,17182360766,COR-2,BV111,2,2,1,1,2021-04-16
23575,1325,59833.86,18,17182361170,CCR-2,TR333,1,127,2,2,2021-04-16
23576,1655,87420.24,35,17182361500,CBR-2,TR333,4,6,1,1,2021-04-16
23571,580,82554.45,21,17182360425,CP-3,EF222,5,6,1,2,2021-04-15
23572,1452,69098.82,41,17182361297,COR-2,EF222,2,225,2,1,2021-04-15
23573,1574,13181.57,34,17182361419,CC-1,TR333,1,4,1,3,2021-04-15
23567,1264,27812.39,18,17182361109,CC-1,TR333,1,2,1,3,2021-04-14
23568,1610,11964.59,13,17182361455,CBR-2,EF222,4,175,2,1,2021-04-14
23569,1806,55174.24,32,17182361651,CC-1,TR333,1,81,2,1,2021-04-14
23570,1836,67162.94,14,17182361681,CPR-2,TR333,3,0,1,2,2021-04-14
23566,1755,52175.24,25,17182361600,CBR-2,TR333,4,5,1,1,2021-04-13
23564,742,96011.65,38,17182360587,CPR-2,EF222,3,4,1,3,2021-04-12
23565,1962,81161.68,15,17182361807,CBR-2,EF222,4,6,1,3,2021-04-12
23563,655,41801.5,14,17182360500,CC-1,TR333,1,3,1,1,2021-04-11
23559,505,15148.83,12,17182360350,CPR-4,TR333,5,114,2,2,2021-04-09
23560,534,61524.16,42,17182360379,CO-1,TR333,2,50,2,1,2021-04-09
23561,871,70653.11,27,17182360716,CO-1,BV111,2,148,2,3,2021-04-09
23562,1347,30400.58,31,17182361192,CB-1,BV111,4,4,1,3,2021-04-09
23556,585,80176.58,30,17182360430,CC-1,TR333,1,89,2,3,2021-04-08
23557,633,86525.43,15,17182360478,CP-1,TR333,3,2,1,2,2021-04-08
23558,767,60872.27,15,17182360612,CBR-2,BV111,4,69,2,2,2021-04-08
23553,1244,92070.28,45,17182361089,CBR-2,TR333,4,6,1,1,2021-04-07
23554,1443,34676.4,48,17182361288,CB-1,TR333,4,74,2,3,2021-04-07
23555,1929,29265.16,28,17182361774,CCR-2,BV111,1,6,1,3,2021-04-07
23552,1968,35462.51,35,17182361813,CC-1,TR333,1,6,1,1,2021-04-06
23549,906,46693.26,43,17182360751,CCR-2,TR333,1,224,2,1,2021-04-04
23550,1667,20958,45,17182361512,CBR-2,BV111,4,66,2,2,2021-04-04
23551,1938,64913.32,35,17182361783,CC-1,TR333,1,32,2,2,2021-04-04
23546,1004,66435.33,17,17182360849,CC-1,TR333,1,5,1,1,2021-04-03
23547,1543,64496.49,16,17182361388,CCR-2,TR333,1,38,2,2,2021-04-03
23548,1545,49282.65,22,17182361390,COR-2,TR333,2,184,2,2,2021-04-03
23544,959,92896.34,19,17182360804,CC-1,BV111,1,51,2,3,2021-04-02
23545,1740,20206.23,40,17182361585,CCR-2,EF222,1,3,1,3,2021-04-02
23542,725,90123.54,16,17182360570,COR-2,TR333,2,141,2,1,2021-04-01
23543,1453,78645.61,17,17182361298,CP-1,TR333,3,143,2,1,2021-04-01
23540,44,42450.33,23,17182359889,CC-1,TR333,1,6,1,3,2021-03-31
23541,652,12423.29,39,17182360497,CBR-2,EF222,4,0,1,1,2021-03-31
23539,1163,61562.8,13,17182361008,CC-1,TR333,1,125,2,2,2021-03-30
23537,57,83835.74,33,17182359902,CC-1,BV111,1,43,2,1,2021-03-29
23538,903,98716.95,33,17182360748,CO-1,TR333,2,3,1,1,2021-03-29
23535,440,36531.08,39,17182360285,CCR-2,EF222,1,200,2,3,2021-03-28
23536,1454,95445.55,46,17182361299,CBR-2,TR333,4,4,1,2,2021-03-28
23532,705,12111.48,22,17182360550,COR-2,TR333,2,84,2,2,2021-03-27
23533,1697,95598.01,43,17182361542,CPR-2,BV111,3,5,1,2,2021-03-27
23534,1889,19745.15,47,17182361734,CB-1,BV111,4,1,1,1,2021-03-27
23530,812,38474.82,44,17182360657,CCR-2,EF222,1,1,1,3,2021-03-26
23531,1937,59544.73,29,17182361782,CC-1,BV111,1,183,2,2,2021-03-26
23525,487,51988.37,37,17182360332,CPR-4,BV111,5,153,2,1,2021-03-25
23526,685,84943.44,12,17182360530,CCR-2,TR333,1,13,2,2,2021-03-25
23527,915,60677.11,43,17182360760,CCR-2,TR333,1,182,2,2,2021-03-25
23528,1098,72630.3,33,17182360943,CC-1,TR333,1,67,2,3,2021-03-25
23529,1603,68192.24,18,17182361448,CB-1,TR333,4,69,2,1,2021-03-25
23523,146,24475.84,40,17182359991,CB-1,TR333,4,2,1,2,2021-03-24
23524,614,86683.66,31,17182360459,COR-2,TR333,2,4,1,2,2021-03-24
23518,105,21322.93,33,17182359950,CC-1,TR333,1,4,1,2,2021-03-23
23519,168,65230.48,30,17182360013,CC-1,TR333,1,3,1,2,2021-03-23
23520,762,77079.01,26,17182360607,CBR-2,EF222,4,121,2,3,2021-03-23
23521,1277,80247.63,12,17182361122,CBR-2,BV111,4,6,1,1,2021-03-23
23522,1381,58070.62,25,17182361226,CBR-2,BV111,4,3,1,2,2021-03-23
23515,659,53847.73,28,17182360504,CBR-2,BV111,4,3,1,1,2021-03-22
23516,681,58015.18,32,17182360526,CBR-2,BV111,4,5,1,1,2021-03-22
23517,1741,76987.75,22,17182361586,CP-1,BV111,3,5,1,3,2021-03-22
23514,889,57160.48,34,17182360734,COR-2,BV111,2,26,2,3,2021-03-21
23509,340,87919.05,18,17182360185,CC-1,EF222,1,5,1,2,2021-03-20
23510,1006,41435.56,42,17182360851,CCR-2,TR333,1,4,1,1,2021-03-20
23511,1536,22644.66,39,17182361381,CCR-2,TR333,1,167,2,2,2021-03-20
23512,1900,44027.54,25,17182361745,CC-1,EF222,1,4,1,3,2021-03-20
23513,1932,13306.02,26,17182361777,CBR-2,EF222,4,1,1,3,2021-03-20
23503,66,45196.01,34,17182359911,CC-1,TR333,1,18,2,1,2021-03-19
23504,359,57228.47,23,17182360204,CCR-2,BV111,1,2,1,1,2021-03-19
23505,863,59117.33,44,17182360708,CBR-2,TR333,4,88,2,2,2021-03-19
23506,1222,82664.34,21,17182361067,COR-2,EF222,2,2,1,1,2021-03-19
23507,1274,96675.03,15,17182361119,CC-1,TR333,1,73,2,3,2021-03-19
23508,1828,79558.5,36,17182361673,CPR-2,TR333,3,94,2,2,2021-03-19
23500,940,61411.32,48,17182360785,CC-1,EF222,1,18,2,2,2021-03-18
23501,1153,58137.75,40,17182360998,CC-1,TR333,1,153,2,2,2021-03-18
23502,1997,84090.21,29,17182361842,CB-1,BV111,4,69,2,2,2021-03-18
23498,1355,77231.63,46,17182361200,CBR-2,TR333,4,210,2,2,2021-03-17
23499,1757,36952.73,43,17182361602,CP-1,BV111,3,97,2,3,2021-03-17
23496,236,40977.41,28,17182360081,CC-1,TR333,1,151,2,1,2021-03-16
23497,1537,47420.51,42,17182361382,CBR-2,BV111,4,44,2,2,2021-03-16
23454,196,39144.52,21,17182360041,CC-1,TR333,1,5,1,2,2021-03-15
23455,197,60606.2,42,17182360042,CC-1,BV111,1,22,2,3,2021-03-16
23456,198,24888.79,27,17182360043,CC-1,TR333,1,138,2,3,2021-03-17
23457,199,35862.7,46,17182360044,CB-1,BV111,4,159,2,1,2021-03-18
23458,200,88059.34,27,17182360045,CC-1,EF222,1,8,2,3,2021-03-19
23459,201,54160.91,14,17182360046,CC-1,BV111,1,6,1,1,2021-03-20
23460,202,18807.07,18,17182360047,CC-1,EF222,1,5,1,1,2021-03-21
23461,203,42485.75,14,17182360048,CC-1,TR333,1,2,1,3,2021-03-22
23462,204,29862.38,28,17182360049,CBR-2,TR333,4,10,2,2,2021-03-23
23463,205,97567.59,28,17182360050,CC-1,TR333,1,1,1,3,2021-03-24
23464,206,93159.34,24,17182360051,CC-1,TR333,1,3,1,1,2021-03-25
23465,208,67783.66,12,17182360053,CC-1,TR333,1,133,2,2,2021-03-26
23466,210,93184.04,23,17182360055,CBR-2,EF222,4,6,1,2,2021-03-27
23467,215,40314.93,30,17182360060,CC-1,TR333,1,4,1,1,2021-03-28
23468,216,95308.82,30,17182360061,CC-1,TR333,1,0,1,1,2021-03-29
23469,220,27361.29,41,17182360065,CC-1,EF222,1,26,2,1,2021-03-30
23470,221,38904.15,34,17182360066,CCR-2,BV111,1,1,1,3,2021-03-31
23471,222,25258.69,32,17182360067,CBR-2,EF222,4,1,1,3,2021-04-01
23472,223,34393.9,28,17182360068,CC-1,TR333,1,5,1,2,2021-04-02
23473,224,16363.31,34,17182360069,CC-1,TR333,1,4,1,3,2021-04-03
23474,225,44710.05,36,17182360070,CC-1,TR333,1,5,1,2,2021-04-04
23475,226,31975.34,25,17182360071,CC-1,TR333,1,1,1,3,2021-04-05
23476,230,54121.25,37,17182360075,CC-1,EF222,1,228,2,3,2021-04-06
23477,233,58119.04,44,17182360078,CB-1,TR333,4,40,2,1,2021-04-07
23478,234,66572.46,48,17182360079,CC-1,TR333,1,84,2,1,2021-04-08
23479,235,60474.27,31,17182360080,CC-1,TR333,1,89,2,1,2021-04-09
23451,1018,70447.76,36,17182360863,CB-1,TR333,4,0,1,2,2021-03-14
23452,1200,44403.11,34,17182361045,CC-1,EF222,1,4,1,2,2021-03-14
23453,1834,48568.81,26,17182361679,CPR-2,TR333,3,3,1,1,2021-03-14
23447,280,78310.28,23,17182360125,CCR-2,EF222,1,43,2,1,2021-03-13
23448,1034,86767.02,23,17182360879,CO-1,TR333,2,170,2,3,2021-03-13
23449,1509,97969.68,13,17182361354,CO-1,BV111,2,3,1,2,2021-03-13
23450,1933,68273.95,40,17182361778,CC-1,TR333,1,2,1,1,2021-03-13
23445,415,88118.04,28,17182360260,CC-1,TR333,1,1,1,3,2021-03-12
23446,677,61873.52,31,17182360522,CB-1,BV111,4,0,1,1,2021-03-12
23443,867,44710.29,38,17182360712,CB-1,BV111,4,169,2,3,2021-03-11
23444,1349,46504.03,41,17182361194,CC-1,BV111,1,232,2,3,2021-03-11
23442,169,72158.22,20,17182360014,CC-1,BV111,1,6,1,2,2021-03-10
23441,1560,64871.96,16,17182361405,CC-1,EF222,1,26,2,1,2021-03-09
23437,16,69114.2,16,17182359861,CC-1,TR333,1,2,1,2,2021-03-08
23438,1571,21250.31,27,17182361416,CBR-2,BV111,4,58,2,1,2021-03-08
23439,1973,84365.31,23,17182361818,CC-1,TR333,1,30,2,2,2021-03-08
23440,1990,53065.49,12,17182361835,CB-1,EF222,4,106,2,3,2021-03-08
23435,780,14013.3,44,17182360625,CB-1,EF222,4,5,1,3,2021-03-07
23436,1293,44837.3,33,17182361138,CBR-2,TR333,4,0,1,2,2021-03-07
23433,797,40537.73,35,17182360642,CO-1,BV111,2,60,2,3,2021-03-06
23434,946,65537.39,38,17182360791,COR-2,TR333,2,6,1,2,2021-03-06
23431,1062,17501.98,18,17182360907,CO-1,EF222,2,82,2,2,2021-03-05
23432,1748,66556.17,32,17182361593,CP-1,TR333,3,80,2,1,2021-03-05
23427,601,31382.11,24,17182360446,CCR-2,BV111,1,6,1,2,2021-03-04
23428,804,53829.3,41,17182360649,CPR-2,TR333,3,6,1,3,2021-03-04
23429,1725,88269.56,21,17182361570,CCR-2,TR333,1,93,2,1,2021-03-04
23430,1831,41877.73,12,17182361676,CP-1,BV111,3,0,1,3,2021-03-04
23423,112,69097.63,12,17182359957,CBR-2,EF222,4,99,2,2,2021-03-03
23424,421,32836.42,32,17182360266,CP-3,BV111,5,169,2,3,2021-03-03
23425,682,27653.12,18,17182360527,CO-1,EF222,2,0,1,3,2021-03-03
23426,823,96619.48,46,17182360668,CPR-2,TR333,3,153,2,3,2021-03-03
23421,1077,75272.94,26,17182360922,CB-1,BV111,4,57,2,3,2021-03-02
23422,1328,21985.33,39,17182361173,CC-1,TR333,1,75,2,2,2021-03-02
23416,312,64438.77,19,17182360157,CC-1,EF222,1,4,1,1,2021-03-01
23417,468,68738.21,18,17182360313,CP-3,TR333,5,2,1,3,2021-03-01
23418,656,77193.5,46,17182360501,COR-2,TR333,2,6,1,1,2021-03-01
23419,695,64335.11,45,17182360540,CBR-2,TR333,4,6,1,1,2021-03-01
23420,1664,22153.01,40,17182361509,CO-1,TR333,2,163,2,1,2021-03-01
23415,1007,38849.07,29,17182360852,CCR-2,BV111,1,9,2,1,2021-02-28
23413,884,25883.7,45,17182360729,CC-1,TR333,1,54,2,2,2021-02-27
23414,1862,37414.12,23,17182361707,CCR-2,EF222,1,44,2,2,2021-02-27
23410,698,22789,16,17182360543,CO-1,TR333,2,201,2,1,2021-02-26
23411,1428,12860.56,41,17182361273,CCR-2,TR333,1,2,1,3,2021-02-26
23412,1528,93726.64,12,17182361373,CBR-2,TR333,4,83,2,1,2021-02-26
23409,1886,23976.48,33,17182361731,CC-1,TR333,1,5,1,3,2021-02-25
23406,751,89318.82,23,17182360596,COR-2,BV111,2,178,2,3,2021-02-24
23407,856,66554.31,23,17182360701,CP-1,TR333,3,39,2,2,2021-02-24
23408,1782,26915.72,17,17182361627,CO-1,EF222,2,26,2,3,2021-02-24
23404,532,33761.84,21,17182360377,CO-1,EF222,2,54,2,3,2021-02-23
23405,1338,95930.91,12,17182361183,CC-1,TR333,1,136,2,2,2021-02-23
23400,878,26611.48,23,17182360723,CP-3,TR333,5,6,1,3,2021-02-22
23401,1003,84758.31,47,17182360848,CBR-2,TR333,4,145,2,2,2021-02-22
23402,1643,83784.25,13,17182361488,CCR-2,TR333,1,6,1,2,2021-02-22
23403,1788,67066.34,23,17182361633,CO-1,TR333,2,0,1,2,2021-02-22
23395,768,72653.94,44,17182360613,COR-2,TR333,2,5,1,3,2021-02-21
23396,855,95959.86,45,17182360700,CP-1,TR333,3,1,1,3,2021-02-21
23397,1525,67097.8,30,17182361370,CPR-2,TR333,3,59,2,3,2021-02-21
23398,1650,36199.79,40,17182361495,CBR-2,EF222,4,0,1,3,2021-02-21
23399,1662,73853.37,15,17182361507,CO-1,EF222,2,4,1,3,2021-02-21
23393,1135,70833.94,23,17182360980,CC-1,TR333,1,167,2,1,2021-02-20
23394,1193,71748.89,20,17182361038,CO-1,TR333,2,23,2,1,2021-02-20
23390,570,94150.13,23,17182360415,CC-1,EF222,1,34,2,1,2021-02-19
23391,1573,15831.74,33,17182361418,COR-2,TR333,2,0,1,3,2021-02-19
23392,1589,28811.66,16,17182361434,CBR-2,BV111,4,43,2,3,2021-02-19
23388,1058,93045.06,43,17182360903,CO-1,TR333,2,4,1,1,2021-02-18
23389,1120,59660.73,17,17182360965,CPR-4,EF222,5,216,2,2,2021-02-18
23387,965,46724.08,12,17182360810,CC-1,TR333,1,146,2,3,2021-02-17
23386,1413,21352.59,30,17182361258,CC-1,TR333,1,2,1,1,2021-02-16
23383,557,76543.15,36,17182360402,CC-1,BV111,1,49,2,3,2021-02-14
23384,883,24523.55,40,17182360728,CO-1,TR333,2,226,2,2,2021-02-14
23385,1373,72352.64,42,17182361218,CBR-2,TR333,4,0,1,3,2021-02-14
23382,1284,13205.68,14,17182361129,CB-1,TR333,4,107,2,2,2021-02-13
23381,1323,99899.02,43,17182361168,CBR-2,TR333,4,4,1,2,2021-02-12
23379,1066,14502.27,26,17182360911,CBR-2,TR333,4,1,1,1,2021-02-11
23380,1139,21580.3,45,17182360984,CC-1,BV111,1,188,2,1,2021-02-11
23378,1028,24074.04,30,17182360873,CBR-2,TR333,4,216,2,1,2021-02-09
23375,1117,29245.67,24,17182360962,CP-3,BV111,5,9,2,2,2021-02-07
23376,1587,76052.39,44,17182361432,CBR-2,BV111,4,2,1,3,2021-02-07
23377,1918,52421.23,30,17182361763,CB-1,TR333,4,6,1,2,2021-02-07
23374,638,56288.22,35,17182360483,CBR-2,TR333,4,69,2,3,2021-02-06
23372,687,33615.72,13,17182360532,CB-1,BV111,4,3,1,1,2021-02-05
23373,1558,52082.76,36,17182361403,CB-1,TR333,4,5,1,1,2021-02-05
23371,516,85043.8,41,17182360361,CCR-2,TR333,1,213,2,3,2021-02-04
23369,974,93528.91,34,17182360819,CC-1,TR333,1,5,1,1,2021-02-03
23370,1490,68222.01,28,17182361335,CBR-2,EF222,4,0,1,3,2021-02-03
23366,1518,62173.28,16,17182361363,CBR-2,TR333,4,36,2,1,2021-02-02
23367,1562,26436.59,38,17182361407,CCR-2,EF222,1,44,2,2,2021-02-02
23368,1830,67532.9,28,17182361675,CP-1,EF222,3,4,1,1,2021-02-02
23365,1928,12333.94,34,17182361773,CBR-2,TR333,4,12,2,1,2021-02-01
23359,130,65147.81,25,17182359975,CC-1,EF222,1,203,2,3,2021-01-30
23360,144,79566.8,38,17182359989,CC-1,TR333,1,1,1,3,2021-01-30
23361,184,91073.4,16,17182360029,CC-1,TR333,1,3,1,3,2021-01-30
23362,603,83992.49,30,17182360448,CBR-2,TR333,4,76,2,2,2021-01-30
23363,900,72932.93,26,17182360745,CC-1,EF222,1,211,2,2,2021-01-30
23364,1996,87603.9,25,17182361841,CP-1,TR333,3,141,2,3,2021-01-30
23353,135,36294.86,17,17182359980,CC-1,TR333,1,2,1,2,2021-01-29
23354,145,26040.01,20,17182359990,CC-1,TR333,1,48,2,3,2021-01-29
23355,172,81983.55,40,17182360017,CC-1,EF222,1,5,1,3,2021-01-29
23356,180,36543.42,48,17182360025,CC-1,EF222,1,0,1,3,2021-01-29
23357,517,89727.75,13,17182360362,CPR-4,BV111,5,3,1,1,2021-01-29
23358,785,82310.27,28,17182360630,CP-1,TR333,3,4,1,1,2021-01-29
23346,30,71969.68,47,17182359875,CBR-2,EF222,4,6,1,3,2021-01-28
23347,178,28901.64,34,17182360023,CC-1,TR333,1,35,2,2,2021-01-28
23348,193,21586.34,30,17182360038,CC-1,TR333,1,5,1,2,2021-01-28
23349,723,71139.38,35,17182360568,CC-1,TR333,1,5,1,1,2021-01-28
23350,1016,89863.24,36,17182360861,CO-1,TR333,2,4,1,2,2021-01-28
23351,1102,75279.17,29,17182360947,CBR-2,EF222,4,87,2,3,2021-01-28
23352,1800,89030.35,48,17182361645,CO-1,EF222,2,60,2,3,2021-01-28
23337,148,48606.05,32,17182359993,CC-1,TR333,1,3,1,3,2021-01-26
23338,154,96330.43,30,17182359999,CC-1,TR333,1,213,2,1,2021-01-26
23339,159,12518.33,24,17182360004,CC-1,BV111,1,11,2,3,2021-01-26
23340,179,59497.82,12,17182360024,CB-1,BV111,4,0,1,2,2021-01-26
23341,181,29820.5,22,17182360026,CC-1,BV111,1,4,1,3,2021-01-26
23342,966,61306.26,13,17182360811,CB-1,TR333,4,79,2,2,2021-01-26
23343,1054,51731.38,47,17182360899,CC-1,TR333,1,80,2,3,2021-01-26
23344,1345,37350.57,44,17182361190,CB-1,TR333,4,139,2,3,2021-01-26
23345,1915,98015.35,26,17182361760,CC-1,TR333,1,40,2,1,2021-01-26
23331,143,11350,32,17182359988,CC-1,TR333,1,0,1,2,2021-01-25
23332,147,37337.38,44,17182359992,CC-1,BV111,1,1,1,1,2021-01-25
23333,167,86062.74,27,17182360012,CC-1,BV111,1,3,1,2,2021-01-25
23334,192,70250.88,26,17182360037,CB-1,EF222,4,3,1,2,2021-01-25
23335,384,85366.33,44,17182360229,CO-1,TR333,2,84,2,2,2021-01-25
23336,818,27417.86,41,17182360663,CP-1,TR333,3,121,2,2,2021-01-25
23326,139,91874.8,38,17182359984,CC-1,BV111,1,2,1,1,2021-01-24
23327,173,12176.04,39,17182360018,CC-1,TR333,1,126,2,3,2021-01-24
23328,189,51161.77,45,17182360034,CC-1,BV111,1,5,1,2,2021-01-24
23329,924,81288.26,16,17182360769,CCR-2,TR333,1,1,1,3,2021-01-24
23330,1353,60430.81,38,17182361198,COR-2,TR333,2,2,1,1,2021-01-24
23322,132,46410.3,32,17182359977,CC-1,EF222,1,12,2,1,2021-01-23
23323,137,35287.97,23,17182359982,CC-1,BV111,1,1,1,1,2021-01-23
23324,1218,41198.4,19,17182361063,CBR-2,TR333,4,38,2,2,2021-01-23
23325,1431,58940.75,41,17182361276,CB-1,BV111,4,189,2,1,2021-01-23
23311,131,35686.5,25,17182359976,CC-1,BV111,1,0,1,3,2021-01-22
23312,149,56337.86,31,17182359994,CC-1,BV111,1,90,2,3,2021-01-22
23313,150,24462.07,36,17182359995,CBR-2,EF222,4,3,1,1,2021-01-22
23314,160,90784.51,35,17182360005,CC-1,EF222,1,0,1,3,2021-01-22
23315,164,42328.42,36,17182360009,CC-1,TR333,1,240,2,3,2021-01-22
23316,176,11583.06,34,17182360021,CCR-2,TR333,1,4,1,3,2021-01-22
23317,902,94675.89,29,17182360747,CBR-2,EF222,4,2,1,2,2021-01-22
23318,1301,56992.48,16,17182361146,CB-1,BV111,4,9,2,2,2021-01-22
23319,1734,59721.55,26,17182361579,CC-1,TR333,1,59,2,2,2021-01-22
23320,1877,90882.52,34,17182361722,CB-1,BV111,4,2,1,1,2021-01-22
23321,1911,82299.16,35,17182361756,CPR-2,BV111,3,6,1,3,2021-01-22
23306,136,87210.27,31,17182359981,CC-1,TR333,1,188,2,2,2021-01-21
23307,141,50405.29,17,17182359986,CC-1,BV111,1,56,2,1,2021-01-21
23308,153,32540.05,15,17182359998,CC-1,TR333,1,6,1,1,2021-01-21
23309,187,65579.52,34,17182360032,CC-1,BV111,1,1,1,3,2021-01-21
23310,845,87044.49,23,17182360690,CBR-2,TR333,4,2,1,2,2021-01-21
23301,140,61337.2,40,17182359985,CC-1,EF222,1,203,2,2,2021-01-20
23302,151,61953.22,39,17182359996,CCR-2,BV111,1,6,1,2,2021-01-20
23303,158,60220.12,16,17182360003,CC-1,TR333,1,48,2,1,2021-01-20
23304,195,15545.47,25,17182360040,CC-1,TR333,1,157,2,3,2021-01-20
23305,1060,42522.27,28,17182360905,CC-1,EF222,1,6,1,2,2021-01-20
23294,14,30350.94,19,17182359859,CBR-2,TR333,4,3,1,2,2021-01-19
23295,163,59084.83,20,17182360008,CC-1,TR333,1,3,1,3,2021-01-19
23296,166,57266.28,17,17182360011,CBR-2,TR333,4,5,1,2,2021-01-19
23297,170,86460.5,40,17182360015,CC-1,EF222,1,1,1,1,2021-01-19
23298,186,31713.94,15,17182360031,CC-1,TR333,1,4,1,1,2021-01-19
23299,952,75606.65,22,17182360797,CC-1,EF222,1,44,2,3,2021-01-19
23300,1656,43381.52,45,17182361501,CBR-2,TR333,4,3,1,1,2021-01-19
23292,663,88334.89,30,17182360508,CBR-2,TR333,4,67,2,1,2021-01-18
23293,1547,25126.87,43,17182361392,CBR-2,BV111,4,226,2,3,2021-01-18
23288,133,92177.63,42,17182359978,CCR-2,TR333,1,6,1,1,2021-01-17
23289,161,58971.42,33,17182360006,CCR-2,BV111,1,5,1,1,2021-01-17
23290,185,82721.21,13,17182360030,CC-1,TR333,1,230,2,3,2021-01-17
23291,191,44902,21,17182360036,CC-1,BV111,1,3,1,1,2021-01-17
23285,162,77604.74,17,17182360007,CC-1,EF222,1,25,2,3,2021-01-16
23286,1067,53064.35,28,17182360912,CO-1,BV111,2,3,1,3,2021-01-16
23287,1975,89367.73,35,17182361820,CPR-2,TR333,3,145,2,2,2021-01-16
23282,775,68766.7,47,17182360620,CCR-2,TR333,1,4,1,1,2021-01-15
23283,1080,97558.11,46,17182360925,CC-1,EF222,1,3,1,1,2021-01-15
23284,1613,65577.11,25,17182361458,CC-1,TR333,1,2,1,3,2021-01-15
23280,1445,77924.61,46,17182361290,COR-2,TR333,2,226,2,3,2021-01-14
23281,1493,88047.16,17,17182361338,CO-1,TR333,2,0,1,2,2021-01-14
23276,599,81796.08,36,17182360444,CBR-2,BV111,4,12,2,2,2021-01-13
23277,615,24570.04,16,17182360460,CPR-2,TR333,3,0,1,1,2021-01-13
23278,976,85137.14,22,17182360821,CBR-2,TR333,4,73,2,1,2021-01-13
23279,1808,66063.87,27,17182361653,CP-3,TR333,5,6,1,3,2021-01-13
23275,1524,84653.19,38,17182361369,CO-1,TR333,2,3,1,2,2021-01-12
23269,122,33654.03,34,17182359967,CB-1,EF222,4,3,1,2,2021-01-11
23270,660,81091.07,44,17182360505,CCR-2,EF222,1,5,1,2,2021-01-11
23271,843,22285.2,19,17182360688,CB-1,TR333,4,3,1,3,2021-01-11
23272,849,69704.31,37,17182360694,CP-1,BV111,3,2,1,3,2021-01-11
23273,1651,40715.35,23,17182361496,CBR-2,BV111,4,0,1,3,2021-01-11
23274,1696,61190.93,13,17182361541,CCR-2,TR333,1,124,2,3,2021-01-11
23267,38,83531.71,34,17182359883,CBR-2,TR333,4,0,1,1,2021-01-10
23268,1764,10756.85,19,17182361609,CPR-2,TR333,3,2,1,2,2021-01-10
23265,399,15072.59,46,17182360244,CBR-2,BV111,4,2,1,3,2021-01-09
23266,522,24200.19,24,17182360367,CP-3,EF222,5,20,2,2,2021-01-09
23263,211,53411.27,31,17182360056,CC-1,BV111,1,2,1,3,2021-01-08
23264,947,46969.97,18,17182360792,COR-2,BV111,2,108,2,3,2021-01-08
23260,824,72643.74,12,17182360669,CBR-2,TR333,4,6,1,1,2021-01-06
23261,831,46661.08,23,17182360676,CBR-2,BV111,4,226,2,3,2021-01-06
23262,1986,57432.71,18,17182361831,CC-1,TR333,1,6,1,2,2021-01-06
23257,70,28608.18,39,17182359915,COR-2,EF222,2,203,2,1,2021-01-05
23258,829,77125.47,25,17182360674,CP-3,BV111,5,2,1,2,2021-01-05
23259,909,29878.83,41,17182360754,CC-1,BV111,1,2,1,2,2021-01-05
23253,874,80333.91,36,17182360719,CPR-4,TR333,5,127,2,1,2021-01-04
23254,1097,39312.56,40,17182360942,CC-1,BV111,1,152,2,3,2021-01-04
23255,1245,17496.68,27,17182361090,CBR-2,TR333,4,59,2,1,2021-01-04
23256,1706,64786.22,24,17182361551,CBR-2,TR333,4,38,2,2,2021-01-04
23248,776,62752.27,31,17182360621,CO-1,TR333,2,168,2,3,2021-01-03
23249,1367,23119.69,12,17182361212,CCR-2,BV111,1,133,2,3,2021-01-03
23250,1398,39813.38,13,17182361243,COR-2,TR333,2,3,1,2,2021-01-03
23251,1701,12854.42,46,17182361546,COR-2,BV111,2,192,2,1,2021-01-03
23252,1916,60611.38,19,17182361761,CBR-2,TR333,4,0,1,3,2021-01-03
23242,369,49355.61,30,17182360214,COR-2,BV111,2,72,2,1,2021-01-02
23243,520,70086.89,20,17182360365,CP-3,EF222,5,5,1,1,2021-01-02
23244,630,31842.48,48,17182360475,CC-1,EF222,1,151,2,3,2021-01-02
23245,1473,10073.99,48,17182361318,CP-1,TR333,3,3,1,3,2021-01-02
23246,1582,22379.52,44,17182361427,CBR-2,EF222,4,2,1,1,2021-01-02
23247,1712,14437.91,22,17182361557,CB-1,EF222,4,4,1,2,2021-01-02
23240,634,25145.48,17,17182360479,CO-1,TR333,2,220,2,1,2021-01-01
23241,1482,68476.44,15,17182361327,CCR-2,EF222,1,5,1,1,2021-01-01
23238,859,22308.16,41,17182360704,COR-2,BV111,2,3,1,1,2020-12-31
23239,1359,20879.61,22,17182361204,CC-1,BV111,1,4,1,1,2020-12-31
23232,289,91768.34,15,17182360134,CBR-2,BV111,4,40,2,1,2020-12-30
23233,820,74541.03,19,17182360665,CO-1,EF222,2,5,1,3,2020-12-30
23234,1186,70877.89,33,17182361031,CBR-2,TR333,4,38,2,2,2020-12-30
23235,1292,97916.45,29,17182361137,CBR-2,EF222,4,6,1,1,2020-12-30
23236,1948,29095.85,25,17182361793,CP-1,TR333,3,0,1,3,2020-12-30
23237,1950,16477.52,33,17182361795,CBR-2,EF222,4,195,2,3,2020-12-30
23229,1108,75197.9,41,17182360953,CBR-2,TR333,4,0,1,3,2020-12-29
23230,1127,37898.51,27,17182360972,CPR-4,BV111,5,215,2,1,2020-12-29
23231,1467,14496.84,45,17182361312,COR-2,BV111,2,120,2,3,2020-12-29
23226,457,26270.15,20,17182360302,CCR-2,BV111,1,5,1,2,2020-12-28
23227,792,55943.41,34,17182360637,COR-2,EF222,2,205,2,2,2020-12-28
23228,1944,33184.53,35,17182361789,CC-1,TR333,1,13,2,2,2020-12-28
23221,1254,85909.44,37,17182361099,CBR-2,TR333,4,156,2,2,2020-12-27
23222,1544,83789.62,30,17182361389,CBR-2,TR333,4,191,2,3,2020-12-27
23223,1663,68684.24,41,17182361508,COR-2,TR333,2,0,1,1,2020-12-27
23224,1752,37299.76,16,17182361597,CP-1,EF222,3,0,1,2,2020-12-27
23225,1814,16713.39,14,17182361659,CP-1,TR333,3,4,1,1,2020-12-27
23218,892,96021.58,20,17182360737,CC-1,EF222,1,2,1,2,2020-12-26
23219,1294,34338.07,37,17182361139,COR-2,TR333,2,64,2,1,2020-12-26
23220,1902,57765.74,47,17182361747,CC-1,EF222,1,128,2,3,2020-12-26
23209,257,94837.11,40,17182360102,CC-1,BV111,1,107,2,3,2020-12-25
23210,281,83729.15,19,17182360126,CC-1,BV111,1,3,1,3,2020-12-25
23211,298,37819.92,19,17182360143,CBR-2,TR333,4,157,2,3,2020-12-25
23212,319,94705.23,31,17182360164,CC-1,BV111,1,136,2,3,2020-12-25
23213,429,45406.6,41,17182360274,CC-1,BV111,1,1,1,2,2020-12-25
23214,643,59684.72,16,17182360488,CBR-2,TR333,4,73,2,2,2020-12-25
23215,1114,36235.09,28,17182360959,COR-2,TR333,2,1,1,1,2020-12-25
23216,1151,64134.91,26,17182360996,CBR-2,BV111,4,2,1,1,2020-12-25
23217,1300,45694.67,45,17182361145,CBR-2,EF222,4,3,1,2,2020-12-25
23203,87,37503.62,33,17182359932,CC-1,BV111,1,204,2,3,2020-12-24
23204,263,91411.41,34,17182360108,CC-1,TR333,1,132,2,1,2020-12-24
23205,295,30867.22,35,17182360140,CB-1,TR333,4,170,2,2,2020-12-24
23206,302,77059.2,26,17182360147,CC-1,EF222,1,233,2,1,2020-12-24
23207,325,39435.81,19,17182360170,CC-1,TR333,1,0,1,2,2020-12-24
23208,531,97298.5,30,17182360376,CBR-2,BV111,4,4,1,3,2020-12-24
23196,76,57025.29,35,17182359921,CC-1,TR333,1,6,1,3,2020-12-23
23197,287,24508.37,42,17182360132,CC-1,BV111,1,209,2,2,2020-12-23
23198,297,28815.05,19,17182360142,CC-1,BV111,1,65,2,2,2020-12-23
23199,328,66648.55,34,17182360173,CC-1,TR333,1,5,1,2,2020-12-23
23200,671,53983.3,31,17182360516,CCR-2,BV111,1,2,1,3,2020-12-23
23201,772,27303.76,12,17182360617,CC-1,EF222,1,185,2,2,2020-12-23
23202,1844,65877.05,45,17182361689,CO-1,TR333,2,1,1,2,2020-12-23
23186,183,88629.09,44,17182360028,CC-1,TR333,1,235,2,2,2020-12-22
23187,278,51979.15,30,17182360123,CC-1,TR333,1,19,2,1,2020-12-22
23188,293,83014.49,30,17182360138,CB-1,TR333,4,4,1,1,2020-12-22
23189,294,97192.67,23,17182360139,CBR-2,TR333,4,139,2,2,2020-12-22
23190,303,40587.32,19,17182360148,CC-1,TR333,1,108,2,3,2020-12-22
23191,316,41672.55,22,17182360161,CC-1,TR333,1,0,1,3,2020-12-22
23192,321,44982.58,47,17182360166,CBR-2,BV111,4,3,1,2,2020-12-22
23193,980,45064.92,24,17182360825,CBR-2,EF222,4,39,2,2,2020-12-22
23194,1598,94631.88,46,17182361443,CO-1,TR333,2,240,2,2,2020-12-22
23195,1609,28032.89,47,17182361454,CC-1,BV111,1,56,2,2,2020-12-22
23182,279,88343.94,16,17182360124,CBR-2,BV111,4,0,1,1,2020-12-21
23183,416,77298.13,13,17182360261,CC-1,TR333,1,34,2,1,2020-12-21
23184,650,98895.67,20,17182360495,CC-1,EF222,1,6,1,2,2020-12-21
23185,1743,75459.49,48,17182361588,CCR-2,TR333,1,193,2,2,2020-12-21
23175,254,67501.76,40,17182360099,CC-1,TR333,1,5,1,1,2020-12-20
23176,282,89778.27,22,17182360127,CC-1,EF222,1,5,1,2,2020-12-20
23177,292,38647.16,26,17182360137,CC-1,EF222,1,0,1,1,2020-12-20
23178,296,22257.12,41,17182360141,CC-1,TR333,1,12,2,2,2020-12-20
23179,314,55293.64,43,17182360159,CCR-2,TR333,1,2,1,1,2020-12-20
23180,1025,48551,23,17182360870,CO-1,TR333,2,5,1,3,2020-12-20
23181,1669,13754.37,24,17182361514,CPR-2,BV111,3,3,1,1,2020-12-20
23164,275,51800.68,13,17182360120,CC-1,TR333,1,57,2,1,2020-12-19
23165,277,24459.55,34,17182360122,CBR-2,BV111,4,44,2,2,2020-12-19
23166,284,38613.01,38,17182360129,CC-1,TR333,1,44,2,1,2020-12-19
23167,286,71970.71,21,17182360131,CC-1,TR333,1,67,2,2,2020-12-19
23168,307,17674.42,22,17182360152,CC-1,BV111,1,6,1,3,2020-12-19
23169,310,76873.77,19,17182360155,CCR-2,EF222,1,13,2,2,2020-12-19
23170,315,92869.47,18,17182360160,CC-1,TR333,1,86,2,1,2020-12-19
23171,816,68135.2,16,17182360661,CBR-2,TR333,4,237,2,3,2020-12-19
23172,1033,19482.81,45,17182360878,CCR-2,TR333,1,6,1,2,2020-12-19
23173,1472,31394.13,35,17182361317,CC-1,EF222,1,4,1,2,2020-12-19
23174,1963,47157.98,42,17182361808,CC-1,TR333,1,65,2,3,2020-12-19
23161,256,41701.33,14,17182360101,CC-1,TR333,1,5,1,3,2020-12-18
23162,1037,70901.78,17,17182360882,CC-1,BV111,1,6,1,2,2020-12-18
23163,1358,49409.31,24,17182361203,CCR-2,TR333,1,5,1,1,2020-12-18
23153,283,57020.53,14,17182360128,CC-1,TR333,1,22,2,2,2020-12-17
23154,308,10362.53,24,17182360153,CC-1,TR333,1,6,1,1,2020-12-17
23155,323,41069.46,15,17182360168,CC-1,TR333,1,1,1,2,2020-12-17
23156,552,74687.34,26,17182360397,CP-3,EF222,5,3,1,2,2020-12-17
23157,760,33364.63,31,17182360605,CC-1,EF222,1,4,1,1,2020-12-17
23158,1516,81807.85,27,17182361361,CB-1,TR333,4,0,1,1,2020-12-17
23159,1601,67330.25,41,17182361446,COR-2,BV111,2,3,1,1,2020-12-17
23160,1772,16188.18,43,17182361617,CB-1,EF222,4,5,1,1,2020-12-17
23146,264,62515.2,26,17182360109,CBR-2,TR333,4,196,2,2,2020-12-16
23147,270,98203.87,26,17182360115,CB-1,EF222,4,77,2,2,2020-12-16
23148,276,27638.73,32,17182360121,CCR-2,TR333,1,93,2,2,2020-12-16
23149,301,54150.77,26,17182360146,CC-1,BV111,1,21,2,2,2020-12-16
23150,311,38534.69,33,17182360156,CC-1,BV111,1,4,1,2,2020-12-16
23151,318,33964.33,44,17182360163,CC-1,TR333,1,130,2,2,2020-12-16
23152,476,64678.81,33,17182360321,COR-2,TR333,2,2,1,2,2020-12-16
23138,85,52741.52,22,17182359930,CC-1,TR333,1,18,2,1,2020-12-15
23139,261,14547.74,26,17182360106,CBR-2,BV111,4,4,1,3,2020-12-15
23140,268,54484.05,26,17182360113,CCR-2,TR333,1,14,2,1,2020-12-15
23141,269,47085.77,42,17182360114,CBR-2,BV111,4,0,1,2,2020-12-15
23142,299,87121.69,22,17182360144,CB-1,BV111,4,5,1,2,2020-12-15
23143,300,53678.16,16,17182360145,CBR-2,EF222,4,226,2,1,2020-12-15
23144,427,78961.61,39,17182360272,CP-3,BV111,5,3,1,1,2020-12-15
23145,860,99235.95,47,17182360705,CPR-4,EF222,5,158,2,2,2020-12-15
23136,1234,56552.18,41,17182361079,CB-1,TR333,4,128,2,3,2020-12-14
23137,1907,24965.06,41,17182361752,CCR-2,BV111,1,96,2,1,2020-12-14
23130,115,27753.44,41,17182359960,CB-1,TR333,4,37,2,3,2020-12-13
23131,255,15260.69,14,17182360100,CB-1,TR333,4,1,1,2,2020-12-13
23132,265,55263.08,27,17182360110,CC-1,TR333,1,2,1,3,2020-12-13
23133,306,34470.31,38,17182360151,CC-1,TR333,1,2,1,3,2020-12-13
23134,418,46626.2,41,17182360263,CPR-4,TR333,5,2,1,3,2020-12-13
23135,1665,77023.93,12,17182361510,CB-1,TR333,4,156,2,1,2020-12-13
23124,217,47822.14,46,17182360062,CC-1,BV111,1,232,2,1,2020-12-12
23125,262,88773.63,31,17182360107,CC-1,EF222,1,5,1,3,2020-12-12
23126,267,56860.36,42,17182360112,CBR-2,BV111,4,6,1,2,2020-12-12
23127,274,16795.41,32,17182360119,CB-1,TR333,4,5,1,3,2020-12-12
23128,313,14315.38,21,17182360158,CC-1,TR333,1,95,2,1,2020-12-12
23129,1101,38625.86,40,17182360946,CC-1,BV111,1,5,1,2,2020-12-12
23120,644,96200.08,46,17182360489,CB-1,TR333,4,0,1,2,2020-12-11
23121,1142,20511.87,15,17182360987,CPR-4,EF222,5,5,1,3,2020-12-11
23122,1319,34798.32,31,17182361164,CBR-2,BV111,4,154,2,3,2020-12-11
23123,1449,49682.98,21,17182361294,CC-1,BV111,1,6,1,3,2020-12-11
23117,351,69468.72,30,17182360196,CC-1,BV111,1,29,2,1,2020-12-10
23118,658,25618.32,33,17182360503,CO-1,TR333,2,151,2,1,2020-12-10
23119,887,15555.94,39,17182360732,CPR-4,BV111,5,189,2,2,2020-12-10
23114,285,76711.69,41,17182360130,CC-1,TR333,1,18,2,1,2020-12-09
23115,732,92405.35,18,17182360577,CBR-2,EF222,4,4,1,1,2020-12-09
23116,1380,74278.43,12,17182361225,CB-1,EF222,4,0,1,3,2020-12-09
23113,1539,77406.72,45,17182361384,CBR-2,BV111,4,89,2,2,2020-12-08
23111,1786,65566.66,31,17182361631,CPR-2,TR333,3,150,2,3,2020-12-07
23112,1925,56033.76,17,17182361770,CB-1,TR333,4,6,1,2,2020-12-07
23109,815,24435.3,45,17182360660,COR-2,TR333,2,3,1,2,2020-12-06
23110,1419,13818.02,13,17182361264,CBR-2,BV111,4,53,2,1,2020-12-06
23105,389,46775.6,45,17182360234,CC-1,BV111,1,1,1,1,2020-12-04
23106,747,98201.03,21,17182360592,CPR-2,BV111,3,83,2,2,2020-12-04
23107,1535,94899.43,39,17182361380,CBR-2,TR333,4,191,2,1,2020-12-04
23108,1672,73018.57,26,17182361517,CB-1,EF222,4,60,2,1,2020-12-04
23101,353,34630.61,20,17182360198,CC-1,TR333,1,185,2,2,2020-12-03
23102,750,12165.26,31,17182360595,CCR-2,EF222,1,3,1,3,2020-12-03
23103,1171,54247.9,39,17182361016,CCR-2,BV111,1,110,2,2,2020-12-03
23104,1252,43343.36,25,17182361097,CC-1,EF222,1,202,2,1,2020-12-03
23100,919,72267.45,36,17182360764,CC-1,BV111,1,94,2,1,2020-12-02
23097,783,93736.53,41,17182360628,CC-1,TR333,1,199,2,1,2020-12-01
23098,1550,64099.24,23,17182361395,CCR-2,EF222,1,1,1,1,2020-12-01
23099,1671,89714.71,45,17182361516,CC-1,BV111,1,223,2,1,2020-12-01
23096,905,31549.01,12,17182360750,CO-1,TR333,2,88,2,1,2020-11-30
23094,1096,63896.97,34,17182360941,COR-2,TR333,2,6,1,3,2020-11-28
23095,1680,79777.39,29,17182361525,CBR-2,EF222,4,84,2,3,2020-11-28
23093,1076,20020.2,45,17182360921,CO-1,TR333,2,155,2,1,2020-11-27
23092,1486,95270.19,18,17182361331,CBR-2,TR333,4,6,1,3,2020-11-26
23089,738,30151.04,35,17182360583,CP-1,TR333,3,130,2,2,2020-11-25
23090,746,36165.36,37,17182360591,CO-1,TR333,2,68,2,3,2020-11-25
23091,1130,30066.64,38,17182360975,CPR-4,EF222,5,98,2,2,2020-11-25
23087,1529,34024.22,35,17182361374,CB-1,BV111,4,56,2,2,2020-11-24
23088,1774,59450.52,38,17182361619,CB-1,TR333,4,1,1,3,2020-11-24
23086,668,74717.52,32,17182360513,CC-1,TR333,1,0,1,1,2020-11-23
23085,1386,76825.55,45,17182361231,CPR-2,TR333,3,126,2,1,2020-11-22
23084,539,68546.88,35,17182360384,CB-1,BV111,4,114,2,2,2020-11-21
23083,1823,77336.32,21,17182361668,CB-1,TR333,4,212,2,1,2020-11-20
23081,491,16802.74,21,17182360336,CBR-2,BV111,4,150,2,3,2020-11-19
23082,640,94011.51,41,17182360485,CCR-2,EF222,1,2,1,2,2020-11-19
23080,1919,61810.69,41,17182361764,CC-1,BV111,1,218,2,2,2020-11-18
23079,1874,84150.03,30,17182361719,CC-1,TR333,1,4,1,1,2020-11-17
23076,907,33877.34,29,17182360752,CBR-2,BV111,4,4,1,1,2020-11-16
23077,1476,50697.41,34,17182361321,CBR-2,TR333,4,4,1,3,2020-11-16
23078,1999,19746.76,47,17182361844,CCR-2,BV111,1,2,1,3,2020-11-16
23074,879,14542.62,13,17182360724,CO-1,BV111,2,6,1,3,2020-11-15
23075,1580,11263.27,47,17182361425,CC-1,EF222,1,2,1,3,2020-11-15
23072,1063,27295.01,33,17182360908,CC-1,TR333,1,21,2,1,2020-11-14
23073,1498,37968.79,31,17182361343,CC-1,TR333,1,45,2,1,2020-11-14
23068,537,88802.33,45,17182360382,COR-2,BV111,2,135,2,3,2020-11-13
23069,774,96727.57,33,17182360619,CB-1,TR333,4,210,2,1,2020-11-13
23070,1342,47395.84,32,17182361187,CC-1,EF222,1,157,2,3,2020-11-13
23071,1947,33427.57,47,17182361792,CC-1,BV111,1,189,2,2,2020-11-13
23064,899,15074.1,22,17182360744,COR-2,BV111,2,4,1,2,2020-11-11
23065,1009,26215.12,35,17182360854,CBR-2,BV111,4,69,2,1,2020-11-11
23066,1484,26792.61,35,17182361329,CBR-2,TR333,4,156,2,1,2020-11-11
23067,1763,10702,28,17182361608,COR-2,TR333,2,166,2,1,2020-11-11
23062,541,45134.15,40,17182360386,CP-3,BV111,5,80,2,3,2020-11-10
23063,1392,72402.25,30,17182361237,CC-1,EF222,1,160,2,2,2020-11-10
23060,662,85400.83,48,17182360507,CCR-2,EF222,1,35,2,2,2020-11-09
23061,1777,73905.91,41,17182361622,CO-1,BV111,2,127,2,1,2020-11-09
23057,1224,56766.07,21,17182361069,CBR-2,TR333,4,6,1,1,2020-11-08
23058,1408,43199.74,17,17182361253,COR-2,TR333,2,4,1,2,2020-11-08
23059,1845,54594.35,14,17182361690,CBR-2,TR333,4,220,2,2,2020-11-08
23055,718,43686.47,36,17182360563,CPR-2,TR333,3,143,2,3,2020-11-07
23056,1194,57803.46,22,17182361039,CO-1,TR333,2,4,1,2,2020-11-07
23052,620,48017.39,25,17182360465,CBR-2,EF222,4,100,2,1,2020-11-06
23053,1407,84695.04,36,17182361252,CPR-2,BV111,3,3,1,1,2020-11-06
23054,1954,95343.4,30,17182361799,CC-1,TR333,1,161,2,1,2020-11-06
23048,612,19856.02,32,17182360457,CO-1,EF222,2,5,1,3,2020-11-05
23049,1390,17787.57,43,17182361235,CBR-2,EF222,4,48,2,1,2020-11-05
23050,1501,47174.57,39,17182361346,CB-1,BV111,4,1,1,3,2020-11-05
23051,1880,94949.96,22,17182361725,CP-1,EF222,3,138,2,2,2020-11-05
23046,1592,83816.78,46,17182361437,CC-1,EF222,1,4,1,3,2020-11-04
23047,1730,13576.77,30,17182361575,CPR-2,EF222,3,150,2,1,2020-11-04
23042,561,80185.09,19,17182360406,CBR-2,BV111,4,0,1,3,2020-11-03
23043,1069,73292.22,13,17182360914,COR-2,BV111,2,3,1,1,2020-11-03
23044,1409,31235,15,17182361254,CB-1,BV111,4,199,2,3,2020-11-03
23045,1855,82382.39,47,17182361700,CC-1,TR333,1,50,2,2,2020-11-03
23041,1441,61205.55,13,17182361286,CCR-2,BV111,1,0,1,2,2020-11-02
23040,1174,59252.1,16,17182361019,CB-1,TR333,4,0,1,1,2020-10-31
23036,1045,32446.33,44,17182360890,CCR-2,TR333,1,1,1,1,2020-10-29
23037,1055,84903.16,44,17182360900,CC-1,TR333,1,2,1,2,2020-10-29
23038,1260,79572.6,29,17182361105,CC-1,EF222,1,163,2,3,2020-10-29
23039,1853,93097.56,12,17182361698,CC-1,TR333,1,0,1,2,2020-10-29
23033,1061,91980.42,46,17182360906,CC-1,BV111,1,30,2,2,2020-10-28
23034,1321,92276.82,25,17182361166,CC-1,BV111,1,5,1,1,2020-10-28
23035,1510,62038.97,34,17182361355,CBR-2,EF222,4,17,2,3,2020-10-28
23028,1167,80966.71,41,17182361012,CP-3,BV111,5,2,1,3,2020-10-27
23029,1281,98038.2,27,17182361126,CB-1,BV111,4,1,1,3,2020-10-27
23030,1462,38807.95,28,17182361307,CC-1,EF222,1,6,1,3,2020-10-27
23031,1714,62709.19,44,17182361559,COR-2,TR333,2,220,2,1,2020-10-27
23032,1892,82392.47,38,17182361737,CBR-2,EF222,4,69,2,1,2020-10-27
23025,504,43366.34,35,17182360349,CO-1,TR333,2,0,1,1,2020-10-26
23026,1073,87204.94,30,17182360918,CC-1,TR333,1,172,2,1,2020-10-26
23027,1521,68332.41,14,17182361366,CBR-2,BV111,4,2,1,2,2020-10-26
23020,523,37686.3,42,17182360368,CCR-2,TR333,1,3,1,2,2020-10-25
23021,1231,64671.98,23,17182361076,CBR-2,BV111,4,0,1,1,2020-10-25
23022,1522,56846.38,29,17182361367,COR-2,EF222,2,46,2,2,2020-10-25
23023,1660,87468.9,24,17182361505,CBR-2,EF222,4,15,2,3,2020-10-25
23024,1668,42977.11,12,17182361513,CC-1,TR333,1,0,1,3,2020-10-25
23016,708,96035.24,12,17182360553,CC-1,TR333,1,40,2,1,2020-10-22
23017,1332,24626.17,18,17182361177,CCR-2,EF222,1,47,2,2,2020-10-22
23018,1542,44497.73,37,17182361387,CBR-2,EF222,4,1,1,3,2020-10-22
23019,1951,18721.71,23,17182361796,CBR-2,BV111,4,13,2,1,2020-10-22
23013,535,27998.56,43,17182360380,CC-1,TR333,1,4,1,1,2020-10-20
23014,661,63353.42,22,17182360506,CB-1,BV111,4,176,2,2,2020-10-20
23015,954,22932.7,36,17182360799,CC-1,TR333,1,177,2,1,2020-10-20
23009,472,21456.5,21,17182360317,CC-1,EF222,1,27,2,3,2020-10-19
23010,869,14506.1,37,17182360714,CC-1,BV111,1,174,2,1,2020-10-19
23011,1140,56184.89,20,17182360985,CPR-4,EF222,5,3,1,1,2020-10-19
23012,1608,68014.47,46,17182361453,CCR-2,TR333,1,6,1,2,2020-10-19
23007,1238,77354.82,19,17182361083,CBR-2,TR333,4,1,1,1,2020-10-18
23008,1949,56740.04,44,17182361794,CC-1,BV111,1,112,2,2,2020-10-18
23006,721,53860.73,40,17182360566,CC-1,BV111,1,3,1,2,2020-10-17
23003,703,36515.51,18,17182360548,CC-1,TR333,1,0,1,3,2020-10-16
23004,1173,79689.78,43,17182361018,CO-1,TR333,2,83,2,2,2020-10-16
23005,1686,94636,38,17182361531,CCR-2,TR333,1,1,1,2,2020-10-16
23002,1575,90350.2,25,17182361420,CBR-2,TR333,4,3,1,1,2020-10-15
23001,894,38360.84,39,17182360739,COR-2,TR333,2,0,1,3,2020-10-14
23000,1463,56271.92,41,17182361308,CC-1,TR333,1,209,2,2,2020-10-13
22999,1460,92187.84,31,17182361305,CP-1,EF222,3,3,1,1,2020-10-12
22997,1322,27703.02,39,17182361167,CB-1,EF222,4,0,1,3,2020-10-11
22998,1953,13902.3,29,17182361798,CC-1,TR333,1,73,2,1,2020-10-11
22996,1554,15853.78,14,17182361399,COR-2,TR333,2,5,1,3,2020-10-10
22993,513,85151.04,26,17182360358,CPR-4,TR333,5,240,2,2,2020-10-09
22994,1327,43549.04,19,17182361172,COR-2,BV111,2,136,2,3,2020-10-09
22995,1719,21873.57,46,17182361564,CC-1,BV111,1,3,1,1,2020-10-09
22991,777,96769.53,44,17182360622,CPR-2,BV111,3,4,1,1,2020-10-08
22992,1017,31214.68,38,17182360862,CBR-2,BV111,4,6,1,3,2020-10-08
22986,511,34368.9,27,17182360356,CP-3,BV111,5,122,2,2,2020-10-07
22987,540,56422.69,22,17182360385,COR-2,EF222,2,60,2,3,2020-10-07
22988,648,23233.95,32,17182360493,COR-2,TR333,2,115,2,1,2020-10-07
22989,1450,63623.67,25,17182361295,CC-1,EF222,1,6,1,1,2020-10-07
22990,1654,94955.81,36,17182361499,CBR-2,TR333,4,49,2,2,2020-10-07
22985,971,51859.62,26,17182360816,CO-1,BV111,2,5,1,2,2020-10-06
22983,473,23084.62,28,17182360318,COR-2,TR333,2,0,1,1,2020-10-05
22984,1946,11031.28,38,17182361791,CBR-2,TR333,4,210,2,3,2020-10-05
22980,494,66478.57,17,17182360339,CB-1,TR333,4,3,1,1,2020-10-04
22981,524,23358.19,27,17182360369,CC-1,TR333,1,109,2,3,2020-10-04
22982,1527,36111.51,46,17182361372,CP-1,BV111,3,196,2,2,2020-10-04
22979,795,99596.91,42,17182360640,COR-2,TR333,2,4,1,1,2020-10-03
22978,1983,14596.79,15,17182361828,CC-1,TR333,1,60,2,2,2020-10-02
22976,667,23636.21,47,17182360512,CBR-2,BV111,4,29,2,2,2020-10-01
22977,1974,42078.62,32,17182361819,CC-1,TR333,1,3,1,2,2020-10-01
22971,562,27330.24,37,17182360407,CB-1,EF222,4,36,2,2,2020-09-30
22972,749,45404.25,42,17182360594,CPR-2,BV111,3,5,1,1,2020-09-30
22973,926,90319.57,14,17182360771,CCR-2,TR333,1,185,2,1,2020-09-30
22974,1519,29091.22,12,17182361364,CO-1,BV111,2,0,1,1,2020-09-30
22975,1979,35964.73,32,17182361824,CPR-2,BV111,3,4,1,1,2020-09-30
22967,651,23195.34,24,17182360496,CBR-2,BV111,4,4,1,2,2020-09-29
22968,766,55621.88,36,17182360611,CPR-2,TR333,3,234,2,1,2020-09-29
22969,1176,40447.14,34,17182361021,CB-1,TR333,4,2,1,2,2020-09-29
22970,1385,74573.17,16,17182361230,CBR-2,TR333,4,51,2,2,2020-09-29
22964,690,43388.8,27,17182360535,CBR-2,EF222,4,4,1,2,2020-09-28
22965,901,34370.22,17,17182360746,CBR-2,BV111,4,4,1,2,2020-09-28
22966,1847,56344.64,25,17182361692,CO-1,BV111,2,5,1,1,2020-09-28
22963,1430,29894.14,19,17182361275,COR-2,EF222,2,172,2,2,2020-09-27
22961,1320,99158.08,23,17182361165,CC-1,EF222,1,45,2,3,2020-09-26
22962,1329,43577.56,34,17182361174,COR-2,BV111,2,219,2,1,2020-09-26
22959,744,19170.23,18,17182360589,CBR-2,TR333,4,6,1,2,2020-09-25
22960,957,25989.81,24,17182360802,COR-2,BV111,2,48,2,1,2020-09-25
22956,499,54964.24,48,17182360344,CB-1,BV111,4,47,2,3,2020-09-24
22957,821,44108.27,48,17182360666,CBR-2,BV111,4,3,1,3,2020-09-24
22958,1357,75994.06,26,17182361202,CO-1,BV111,2,202,2,3,2020-09-24
22949,510,25025.55,40,17182360355,CC-1,EF222,1,3,1,2,2020-09-23
22950,839,54964.72,31,17182360684,CP-3,BV111,5,1,1,2,2020-09-23
22951,890,94232.67,27,17182360735,CCR-2,EF222,1,0,1,3,2020-09-23
22952,1047,49770.17,23,17182360892,CB-1,BV111,4,120,2,1,2020-09-23
22953,1475,67708.54,18,17182361320,CP-1,TR333,3,85,2,2,2020-09-23
22954,1841,78356,25,17182361686,CO-1,BV111,2,5,1,3,2020-09-23
22955,1876,67299.82,27,17182361721,CCR-2,TR333,1,93,2,3,2020-09-23
22947,515,25138.54,21,17182360360,CC-1,TR333,1,4,1,3,2020-09-22
22948,1728,77021.21,23,17182361573,CC-1,TR333,1,200,2,3,2020-09-22
22945,1878,97618.49,20,17182361723,CP-1,TR333,3,1,1,1,2020-09-21
22946,1959,73943.55,17,17182361804,CP-1,BV111,3,2,1,3,2020-09-21
22941,1372,84744.39,33,17182361217,COR-2,EF222,2,189,2,1,2020-09-20
22942,1811,47251.36,46,17182361656,CCR-2,BV111,1,3,1,1,2020-09-20
22943,1854,86628.53,35,17182361699,CC-1,TR333,1,10,2,2,2020-09-20
22944,1912,47044.97,42,17182361757,CC-1,EF222,1,13,2,3,2020-09-20
22939,1159,90472.6,20,17182361004,CO-1,BV111,2,1,1,2,2020-09-19
22940,1805,36123.14,22,17182361650,COR-2,TR333,2,1,1,1,2020-09-19
22934,553,68403.45,38,17182360398,CP-3,TR333,5,109,2,3,2020-09-18
22935,578,38774.01,47,17182360423,CO-1,TR333,2,5,1,1,2020-09-18
22936,844,96308.41,40,17182360689,COR-2,TR333,2,4,1,3,2020-09-18
22937,1423,82849.02,15,17182361268,CCR-2,TR333,1,237,2,3,2020-09-18
22938,1943,15530.61,43,17182361788,CC-1,TR333,1,153,2,3,2020-09-18
22931,701,66020.15,35,17182360546,CBR-2,BV111,4,108,2,2,2020-09-17
22932,801,75635.85,20,17182360646,CB-1,BV111,4,65,2,2,2020-09-17
22933,1046,81574.4,48,17182360891,CO-1,TR333,2,5,1,1,2020-09-17
22930,1705,69178.33,25,17182361550,CC-1,TR333,1,1,1,1,2020-09-16
22928,525,33105.48,46,17182360370,CPR-4,TR333,5,2,1,3,2020-09-15
22929,1280,29675.2,18,17182361125,CB-1,EF222,4,208,2,1,2020-09-15
22926,1022,61454.34,25,17182360867,CCR-2,EF222,1,3,1,2,2020-09-14
22927,1607,29716.64,37,17182361452,CCR-2,BV111,1,239,2,2,2020-09-14
22922,803,78931.54,28,17182360648,CB-1,TR333,4,6,1,3,2020-09-13
22923,1121,47242.94,40,17182360966,CPR-4,BV111,5,6,1,1,2020-09-13
22924,1642,72247.26,20,17182361487,CBR-2,EF222,4,185,2,3,2020-09-13
22925,1980,98884.55,43,17182361825,CC-1,EF222,1,64,2,1,2020-09-13
22921,1072,24473,22,17182360917,CBR-2,EF222,4,5,1,2,2020-09-12
22919,1000,61513.59,45,17182360845,CBR-2,EF222,4,27,2,1,2020-09-11
22920,1625,14040.47,13,17182361470,COR-2,TR333,2,238,2,2,2020-09-11
22916,1271,61374.91,13,17182361116,CB-1,BV111,4,47,2,3,2020-09-09
22917,1279,61538.23,19,17182361124,CCR-2,BV111,1,2,1,3,2020-09-09
22918,1551,16999.93,23,17182361396,CBR-2,BV111,4,1,1,1,2020-09-09
22915,1530,41002.19,13,17182361375,CPR-2,EF222,3,0,1,3,2020-09-08
22909,549,82826.61,13,17182360394,CC-1,BV111,1,222,2,3,2020-09-07
22910,895,81090.73,40,17182360740,COR-2,TR333,2,1,1,1,2020-09-07
22911,1023,15578.48,12,17182360868,CCR-2,TR333,1,174,2,1,2020-09-07
22912,1177,29828.09,30,17182361022,CC-1,BV111,1,200,2,2,2020-09-07
22913,1308,90466.7,32,17182361153,CBR-2,TR333,4,130,2,1,2020-09-07
22914,1887,69587.29,16,17182361732,CP-1,BV111,3,0,1,1,2020-09-07
22907,693,44070.84,28,17182360538,CBR-2,TR333,4,2,1,2,2020-09-06
22908,854,93973.62,42,17182360699,CPR-2,TR333,3,79,2,3,2020-09-06
22904,502,28713.71,26,17182360347,CC-1,EF222,1,13,2,2,2020-09-05
22905,589,58131.68,35,17182360434,CBR-2,BV111,4,4,1,1,2020-09-05
22906,1780,37651.19,44,17182361625,CBR-2,EF222,4,136,2,2,2020-09-05
22902,1464,42747.76,19,17182361309,CBR-2,TR333,4,177,2,1,2020-09-04
22903,1563,64177.72,12,17182361408,CO-1,TR333,2,3,1,2,2020-09-04
22898,850,19012.59,36,17182360695,CPR-4,EF222,5,96,2,3,2020-09-03
22899,1239,88115.15,42,17182361084,CBR-2,BV111,4,0,1,3,2020-09-03
22900,1316,24566.04,37,17182361161,CCR-2,TR333,1,2,1,2,2020-09-03
22901,1931,79129.71,29,17182361776,CP-1,BV111,3,239,2,1,2020-09-03
22894,1093,47805.23,15,17182360938,CC-1,TR333,1,1,1,1,2020-09-02
22895,1426,71737.15,35,17182361271,CBR-2,TR333,4,2,1,2,2020-09-02
22896,1440,47650.49,45,17182361285,CB-1,EF222,4,6,1,1,2020-09-02
22897,2000,90235.38,46,17182361845,CP-1,EF222,3,5,1,2,2020-09-02
22889,808,94525.06,23,17182360653,CCR-2,TR333,1,3,1,2,2020-09-01
22890,1032,10174.63,43,17182360877,CC-1,EF222,1,60,2,3,2020-09-01
22891,1048,23603.65,36,17182360893,CBR-2,TR333,4,2,1,3,2020-09-01
22892,1211,18662.31,38,17182361056,CBR-2,BV111,4,91,2,3,2020-09-01
22893,1926,90150.53,41,17182361771,CPR-2,TR333,3,5,1,2,2020-09-01
22888,1455,39161.94,18,17182361300,CBR-2,TR333,4,5,1,2,2020-08-30
22886,908,27812.74,23,17182360753,CBR-2,TR333,4,160,2,1,2020-08-29
22887,981,96757.01,31,17182360826,CC-1,BV111,1,69,2,2,2020-08-29
22884,588,13028.28,47,17182360433,CBR-2,TR333,4,0,1,2,2020-08-28
22885,1939,78873.15,41,17182361784,CC-1,BV111,1,213,2,2,2020-08-28
22881,488,75209.78,27,17182360333,CO-1,TR333,2,227,2,3,2020-08-26
22882,673,36280.72,43,17182360518,CC-1,TR333,1,4,1,1,2020-08-26
22883,846,52755.89,35,17182360691,CBR-2,TR333,4,105,2,2,2020-08-26
22879,713,32380.03,24,17182360558,CP-1,TR333,3,36,2,2,2020-08-25
22880,1418,22792.95,29,17182361263,COR-2,TR333,2,6,1,1,2020-08-25
22876,1134,58115.2,17,17182360979,CB-1,TR333,4,151,2,2,2020-08-24
22877,1584,68760.83,13,17182361429,CBR-2,TR333,4,148,2,2,2020-08-24
22878,1605,55876.2,30,17182361450,CBR-2,TR333,4,212,2,1,2020-08-24
22874,1354,47234.33,40,17182361199,CBR-2,TR333,4,1,1,1,2020-08-22
22875,1868,78203.84,45,17182361713,CCR-2,TR333,1,74,2,2,2020-08-22
22873,1559,74398.91,28,17182361404,CBR-2,BV111,4,0,1,2,2020-08-21
22870,1132,65235.1,46,17182360977,CP-3,EF222,5,6,1,3,2020-08-20
22871,1201,80854.13,43,17182361046,CC-1,BV111,1,163,2,2,2020-08-20
22872,1427,83860.54,41,17182361272,CBR-2,BV111,4,135,2,3,2020-08-20
22867,584,96420.35,28,17182360429,CC-1,TR333,1,0,1,3,2020-08-19
22868,848,95842.63,31,17182360693,COR-2,TR333,2,165,2,2,2020-08-19
22869,1197,93997.9,27,17182361042,CCR-2,BV111,1,1,1,3,2020-08-19
22863,834,74975.81,12,17182360679,CB-1,TR333,4,207,2,2,2020-08-18
22864,1090,85525.9,12,17182360935,CBR-2,EF222,4,4,1,1,2020-08-18
22865,1678,84382.5,48,17182361523,CO-1,TR333,2,202,2,1,2020-08-18
22866,1784,60393.84,26,17182361629,CP-3,TR333,5,5,1,1,2020-08-18
22858,592,50206.95,32,17182360437,CBR-2,EF222,4,204,2,1,2020-08-17
22859,686,57119.19,39,17182360531,CP-1,TR333,3,6,1,1,2020-08-17
22860,1094,60501.03,44,17182360939,CB-1,TR333,4,38,2,3,2020-08-17
22861,1198,51907.76,20,17182361043,COR-2,TR333,2,86,2,3,2020-08-17
22862,1864,36220.97,35,17182361709,CCR-2,TR333,1,0,1,2,2020-08-17
22857,1632,58885.25,16,17182361477,CBR-2,EF222,4,3,1,2,2020-08-16
22856,1557,76361.55,22,17182361402,CCR-2,BV111,1,14,2,3,2020-08-15
22853,1005,18827.94,36,17182360850,CB-1,TR333,4,230,2,2,2020-08-14
22854,1178,76258.64,16,17182361023,CB-1,TR333,4,3,1,2,2020-08-14
22855,1295,87761.99,48,17182361140,CC-1,TR333,1,1,1,3,2020-08-14
22849,536,15562.53,31,17182360381,CCR-2,TR333,1,213,2,3,2020-08-13
22850,545,35250.97,33,17182360390,CC-1,TR333,1,157,2,1,2020-08-13
22851,1556,44643.28,48,17182361401,CCR-2,TR333,1,21,2,1,2020-08-13
22852,1717,52185.99,12,17182361562,CBR-2,BV111,4,142,2,3,2020-08-13
22847,678,15383.21,15,17182360523,CC-1,TR333,1,6,1,1,2020-08-12
22848,1586,76756.69,37,17182361431,CC-1,TR333,1,26,2,2,2020-08-12
22846,1659,83849.59,30,17182361504,CBR-2,BV111,4,86,2,2,2020-08-11
22844,1675,71385.19,30,17182361520,CCR-2,TR333,1,2,1,3,2020-08-10
22845,1898,69542.89,39,17182361743,CC-1,TR333,1,2,1,2,2020-08-10
22841,597,96891.31,38,17182360442,CBR-2,BV111,4,6,1,3,2020-08-09
22842,1215,45538.54,32,17182361060,CBR-2,TR333,4,4,1,2,2020-08-09
22843,1564,23000.69,45,17182361409,CB-1,TR333,4,3,1,2,2020-08-09
22840,1013,92146.36,32,17182360858,CC-1,TR333,1,233,2,1,2020-08-08
22839,1707,89019.25,19,17182361552,CCR-2,BV111,1,5,1,1,2020-08-07
22836,1228,74138.77,36,17182361073,CBR-2,TR333,4,140,2,3,2020-08-06
22837,1237,38825.95,20,17182361082,CC-1,BV111,1,142,2,1,2020-08-06
22838,1759,36973.23,29,17182361604,CB-1,BV111,4,4,1,2,2020-08-06
22831,544,47344.79,13,17182360389,CPR-4,TR333,5,14,2,2,2020-08-05
22832,616,81472.41,12,17182360461,CBR-2,TR333,4,2,1,1,2020-08-05
22833,1100,98282.22,45,17182360945,CCR-2,EF222,1,1,1,1,2020-08-05
22834,1233,64794.94,40,17182361078,CCR-2,TR333,1,2,1,2,2020-08-05
22835,1789,55142.18,18,17182361634,CPR-2,BV111,3,46,2,2,2020-08-05
22830,918,57619.19,21,17182360763,CC-1,TR333,1,9,2,1,2020-08-04
22827,507,76973.14,28,17182360352,CCR-2,BV111,1,5,1,2,2020-08-03
22828,989,72297.43,12,17182360834,CBR-2,BV111,4,86,2,3,2020-08-03
22829,1499,17425.74,35,17182361344,CBR-2,BV111,4,65,2,1,2020-08-03
22826,1382,38449.63,35,17182361227,CC-1,EF222,1,0,1,3,2020-08-01
22825,1227,26792.86,20,17182361072,CBR-2,BV111,4,77,2,3,2020-07-31
22824,934,38413.15,41,17182360779,CC-1,TR333,1,4,1,2,2020-07-30
22821,508,27993.2,47,17182360353,CC-1,TR333,1,2,1,1,2020-07-29
22822,1008,73080.94,38,17182360853,CBR-2,TR333,4,0,1,1,2020-07-29
22823,1346,18113.86,44,17182361191,CBR-2,TR333,4,5,1,2,2020-07-29
22819,754,36495.59,30,17182360599,CBR-2,TR333,4,5,1,2,2020-07-28
22820,1899,68033.04,19,17182361744,CB-1,BV111,4,5,1,1,2020-07-28
22817,635,19920.3,32,17182360480,CCR-2,TR333,1,93,2,2,2020-07-27
22818,1787,35814.31,37,17182361632,CP-3,BV111,5,152,2,1,2020-07-27
22814,563,10843.29,37,17182360408,CCR-2,TR333,1,206,2,1,2020-07-26
22815,1103,62876.72,23,17182360948,CO-1,TR333,2,6,1,3,2020-07-26
22816,1485,40221.09,25,17182361330,CB-1,TR333,4,178,2,1,2020-07-26
22813,1070,85132.77,44,17182360915,CO-1,EF222,2,174,2,2,2020-07-23
22812,1461,86614.59,39,17182361306,CCR-2,BV111,1,113,2,2,2020-07-22
22808,611,77101.76,15,17182360456,CP-1,BV111,3,205,2,1,2020-07-21
22809,647,73777.08,20,17182360492,CBR-2,BV111,4,209,2,1,2020-07-21
22810,1583,90052.48,25,17182361428,CC-1,TR333,1,23,2,1,2020-07-21
22811,1778,51158.79,41,17182361623,CBR-2,TR333,4,129,2,2,2020-07-21
22806,1634,50056.28,44,17182361479,CBR-2,TR333,4,2,1,2,2020-07-19
22807,1753,26150.93,21,17182361598,CC-1,TR333,1,4,1,1,2020-07-19
22805,1363,91527.21,21,17182361208,CC-1,TR333,1,2,1,2,2020-07-17
22799,707,85842.38,39,17182360552,CPR-2,BV111,3,5,1,1,2020-07-16
22800,1209,55369.58,29,17182361054,CB-1,BV111,4,83,2,2,2020-07-16
22801,1661,81106.82,35,17182361506,CCR-2,BV111,1,99,2,3,2020-07-16
22802,1838,30003.68,37,17182361683,CC-1,TR333,1,5,1,2,2020-07-16
22803,1857,26079.89,33,17182361702,CP-1,BV111,3,116,2,1,2020-07-16
22804,1957,11715.76,47,17182361802,CCR-2,BV111,1,2,1,3,2020-07-16
22794,411,58976.47,14,17182360256,CC-1,BV111,1,211,2,2,2020-07-15
22795,1403,94244.86,41,17182361248,CB-1,TR333,4,234,2,2,2020-07-15
22796,1745,91744.64,36,17182361590,CBR-2,TR333,4,92,2,3,2020-07-15
22797,1942,22373.87,47,17182361787,CC-1,EF222,1,0,1,1,2020-07-15
22798,1958,82380.35,20,17182361803,CC-1,TR333,1,3,1,2,2020-07-15
22793,1074,13594.1,17,17182360919,COR-2,TR333,2,110,2,3,2020-07-14
22789,388,41077.1,21,17182360233,CC-1,TR333,1,15,2,3,2020-07-13
22790,396,72077.65,27,17182360241,CC-1,TR333,1,167,2,2,2020-07-13
22791,408,74537.62,35,17182360253,CB-1,TR333,4,2,1,1,2020-07-13
22792,410,59826.02,31,17182360255,CB-1,EF222,4,3,1,3,2020-07-13
22788,406,20398.84,42,17182360251,CP-3,TR333,5,65,2,2,2020-07-12
22785,409,54526.68,21,17182360254,CC-1,BV111,1,0,1,3,2020-07-11
22786,419,76759.38,24,17182360264,CB-1,BV111,4,4,1,2,2020-07-11
22787,996,14144.09,48,17182360841,COR-2,TR333,2,15,2,1,2020-07-11
22781,717,68922.63,45,17182360562,CBR-2,BV111,4,3,1,1,2020-07-10
22782,819,17180.27,42,17182360664,COR-2,BV111,2,0,1,1,2020-07-10
22783,1253,28722.45,18,17182361098,CC-1,TR333,1,118,2,3,2020-07-10
22784,1815,14610.84,31,17182361660,CB-1,TR333,4,198,2,1,2020-07-10
22779,392,67806.75,28,17182360237,CC-1,EF222,1,6,1,3,2020-07-09
22780,1424,34559.28,32,17182361269,CB-1,TR333,4,29,2,3,2020-07-09
22777,405,82480.02,33,17182360250,CB-1,TR333,4,150,2,2,2020-07-08
22778,1154,56187.69,41,17182360999,CB-1,TR333,4,137,2,2,2020-07-08
22773,400,13540.96,17,17182360245,CPR-4,EF222,5,0,1,2,2020-07-07
22774,414,50853.57,45,17182360259,CPR-4,TR333,5,207,2,2,2020-07-07
22775,567,19237.77,14,17182360412,CO-1,BV111,2,2,1,3,2020-07-07
22776,985,99541.27,13,17182360830,CCR-2,TR333,1,2,1,3,2020-07-07
22771,395,81050.93,26,17182360240,COR-2,TR333,2,108,2,1,2020-07-06
22772,1921,97032.56,47,17182361766,CC-1,BV111,1,54,2,1,2020-07-06
22766,403,20640.45,48,17182360248,CC-1,TR333,1,5,1,3,2020-07-05
22767,407,43392.99,34,17182360252,CCR-2,BV111,1,176,2,3,2020-07-05
22768,741,32190.55,17,17182360586,CBR-2,BV111,4,184,2,1,2020-07-05
22769,1036,91681.31,28,17182360881,CB-1,TR333,4,102,2,3,2020-07-05
22770,1158,94627.83,35,17182361003,COR-2,TR333,2,2,1,3,2020-07-05
22758,393,54246.95,15,17182360238,CO-1,TR333,2,6,1,1,2020-07-04
22759,398,51185.9,30,17182360243,CP-3,TR333,5,143,2,1,2020-07-04
22760,412,57069.92,26,17182360257,CC-1,EF222,1,6,1,3,2020-07-04
22761,420,17892.4,13,17182360265,CB-1,EF222,4,4,1,2,2020-07-04
22762,675,70772.44,34,17182360520,CBR-2,TR333,4,183,2,3,2020-07-04
22763,704,59805.44,40,17182360549,CO-1,TR333,2,177,2,3,2020-07-04
22764,917,57878.1,12,17182360762,CB-1,BV111,4,68,2,3,2020-07-04
22765,1809,39570.93,13,17182361654,CB-1,BV111,4,112,2,3,2020-07-04
22753,387,73340.92,24,17182360232,CC-1,BV111,1,6,1,3,2020-07-03
22754,397,12981.8,44,17182360242,CBR-2,BV111,4,69,2,1,2020-07-03
22755,758,51263.79,16,17182360603,CP-1,TR333,3,137,2,1,2020-07-03
22756,1856,76603,33,17182361701,CPR-2,TR333,3,6,1,1,2020-07-03
22757,1945,91702.34,46,17182361790,CC-1,TR333,1,5,1,3,2020-07-03
22750,423,27726.46,16,17182360268,CC-1,TR333,1,4,1,3,2020-07-02
22751,1014,83904.35,14,17182360859,CBR-2,TR333,4,91,2,1,2020-07-02
22752,1286,80172.14,25,17182361131,COR-2,TR333,2,0,1,3,2020-07-02
22745,402,25300.84,38,17182360247,CC-1,EF222,1,65,2,1,2020-07-01
22746,413,45045.33,39,17182360258,CBR-2,TR333,4,10,2,2,2020-07-01
22747,809,74152.45,36,17182360654,CC-1,BV111,1,153,2,2,2020-07-01
22748,1681,90094.28,28,17182361526,CBR-2,BV111,4,18,2,2,2020-07-01
22749,1723,80633.31,31,17182361568,COR-2,TR333,2,187,2,3,2020-07-01
22743,814,88077.03,18,17182360659,CCR-2,TR333,1,6,1,3,2020-06-30
22744,886,38125.19,25,17182360731,CB-1,TR333,4,1,1,3,2020-06-30
22739,546,10363.89,32,17182360391,CB-1,TR333,4,5,1,1,2020-06-29
22740,646,69486.96,28,17182360491,CBR-2,TR333,4,128,2,2,2020-06-29
22741,1638,84604.11,15,17182361483,CO-1,TR333,2,4,1,1,2020-06-29
22742,1901,88934.58,17,17182361746,CB-1,BV111,4,6,1,2,2020-06-29
22737,963,19268.87,32,17182360808,CCR-2,TR333,1,2,1,3,2020-06-28
22738,1819,49685.68,15,17182361664,CCR-2,BV111,1,84,2,2,2020-06-28
22736,626,99236.79,20,17182360471,CBR-2,TR333,4,0,1,2,2020-06-27
22734,483,79536.19,30,17182360328,CCR-2,TR333,1,3,1,1,2020-06-26
22735,787,61497.61,41,17182360632,CBR-2,BV111,4,63,2,3,2020-06-26
22733,941,62562.06,47,17182360786,CO-1,BV111,2,6,1,2,2020-06-25
22731,806,97380.03,23,17182360651,CBR-2,TR333,4,49,2,3,2020-06-24
22732,827,39230.03,44,17182360672,CCR-2,BV111,1,4,1,3,2020-06-24
22729,1144,53068.35,15,17182360989,CBR-2,TR333,4,222,2,2,2020-06-23
22730,1879,84786.87,34,17182361724,CC-1,BV111,1,100,2,1,2020-06-23
22728,1508,19762.96,34,17182361353,CCR-2,TR333,1,5,1,2,2020-06-22
22726,1465,44656.63,12,17182361310,CBR-2,TR333,4,32,2,1,2020-06-21
22727,1762,67327.74,30,17182361607,CBR-2,EF222,4,0,1,3,2020-06-21
22723,527,98023.93,20,17182360372,CO-1,BV111,2,6,1,2,2020-06-19
22724,1040,86760.29,31,17182360885,CCR-2,EF222,1,0,1,2,2020-06-19
22725,1250,75732.29,12,17182361095,CC-1,EF222,1,144,2,3,2020-06-19
22721,636,92518.71,48,17182360481,CBR-2,TR333,4,5,1,2,2020-06-18
22722,1162,67543.16,21,17182361007,CC-1,EF222,1,6,1,2,2020-06-18
22717,478,42740.36,13,17182360323,CB-1,TR333,4,1,1,3,2020-06-15
22718,1196,84702.45,39,17182361041,CB-1,TR333,4,4,1,1,2020-06-15
22719,1611,96024.4,22,17182361456,COR-2,BV111,2,5,1,3,2020-06-15
22720,1894,85645.73,40,17182361739,CP-1,TR333,3,1,1,1,2020-06-15
22716,876,55449.66,44,17182360721,CPR-4,TR333,5,4,1,1,2020-06-13
22713,471,77281.26,19,17182360316,CC-1,BV111,1,2,1,1,2020-06-12
22714,1119,72849.76,30,17182360964,CO-1,BV111,2,117,2,2,2020-06-12
22715,1713,36312.37,19,17182361558,CBR-2,TR333,4,163,2,2,2020-06-12
22711,1010,27921.82,41,17182360855,CC-1,EF222,1,0,1,2,2020-06-09
22712,1851,46715.05,18,17182361696,CB-1,BV111,4,238,2,1,2020-06-09
22709,1469,22807.88,45,17182361314,CP-1,BV111,3,26,2,1,2020-06-08
22710,1850,81008.55,43,17182361695,CC-1,EF222,1,143,2,2,2020-06-08
22706,529,41471.95,32,17182360374,CB-1,BV111,4,95,2,1,2020-06-07
22707,791,23530.27,25,17182360636,CB-1,BV111,4,83,2,1,2020-06-07
22708,923,18230.07,41,17182360768,CB-1,TR333,4,172,2,1,2020-06-07
22703,805,27180.13,38,17182360650,CPR-2,TR333,3,3,1,1,2020-06-05
22704,865,31180.95,23,17182360710,CC-1,TR333,1,183,2,2,2020-06-05
22705,1425,81391.89,36,17182361270,COR-2,TR333,2,4,1,2,2020-06-05
22701,1220,13877.59,22,17182361065,CBR-2,EF222,4,240,2,3,2020-06-02
22702,1614,91691.47,33,17182361459,CC-1,TR333,1,194,2,2,2020-06-02
22699,984,49858.74,13,17182360829,CBR-2,TR333,4,149,2,3,2020-06-01
22700,1531,96484.32,17,17182361376,CCR-2,BV111,1,175,2,3,2020-06-01
22698,1422,43124.49,47,17182361267,CPR-2,EF222,3,14,2,1,2020-05-31
22695,394,73424.53,44,17182360239,CB-1,TR333,4,2,1,1,2020-05-30
22696,528,60260.37,15,17182360373,CBR-2,TR333,4,4,1,3,2020-05-30
22697,1631,82082.55,25,17182361476,CBR-2,BV111,4,109,2,1,2020-05-30
22689,92,50442.44,45,17182359937,CB-1,EF222,4,142,2,1,2020-05-29
22690,501,45813.32,30,17182360346,CB-1,BV111,4,56,2,3,2020-05-29
22691,1489,16733.22,15,17182361334,CBR-2,BV111,4,113,2,1,2020-05-29
22692,1555,70638.21,47,17182361400,CBR-2,TR333,4,3,1,2,2020-05-29
22693,1572,65682.78,48,17182361417,CPR-2,EF222,3,54,2,1,2020-05-29
22694,1852,31919.96,19,17182361697,CC-1,EF222,1,1,1,1,2020-05-29
22685,171,47280.33,19,17182360016,CC-1,BV111,1,198,2,1,2020-05-28
22686,609,84574.99,37,17182360454,CO-1,BV111,2,3,1,2,2020-05-28
22687,629,21451.91,45,17182360474,CBR-2,BV111,4,181,2,1,2020-05-28
22688,1882,10350.49,38,17182361727,CC-1,EF222,1,2,1,1,2020-05-28
22683,789,27561.71,24,17182360634,COR-2,BV111,2,90,2,1,2020-05-27
22684,1075,96850.27,27,17182360920,CBR-2,TR333,4,175,2,3,2020-05-27
22682,177,96275.32,45,17182360022,CBR-2,BV111,4,87,2,1,2020-05-26
22679,1399,13805.32,40,17182361244,CB-1,BV111,4,5,1,1,2020-05-25
22680,1720,23917.68,30,17182361565,CBR-2,EF222,4,6,1,1,2020-05-25
22681,1736,73604.96,31,17182361581,CBR-2,TR333,4,178,2,3,2020-05-25
22674,1021,66846.68,41,17182360866,CB-1,BV111,4,143,2,2,2020-05-24
22675,1348,57589.82,14,17182361193,CB-1,TR333,4,220,2,3,2020-05-24
22676,1388,32301.21,13,17182361233,CBR-2,TR333,4,75,2,1,2020-05-24
22677,1783,10695.44,30,17182361628,CPR-4,TR333,5,202,2,1,2020-05-24
22678,1884,58338.38,24,17182361729,CB-1,TR333,4,72,2,1,2020-05-24
22671,479,14144.64,23,17182360324,COR-2,BV111,2,0,1,3,2020-05-23
22672,726,58086.32,24,17182360571,CBR-2,TR333,4,37,2,2,2020-05-23
22673,763,84844.86,29,17182360608,CB-1,TR333,4,3,1,2,2020-05-23
22670,1104,30914.88,41,17182360949,CBR-2,TR333,4,6,1,3,2020-05-22
22664,558,72592.57,19,17182360403,COR-2,TR333,2,0,1,1,2020-05-21
22665,773,35265.57,16,17182360618,CO-1,TR333,2,140,2,2,2020-05-21
22666,1256,31848.4,23,17182361101,CBR-2,TR333,4,181,2,1,2020-05-21
22667,1394,70939.73,38,17182361239,CPR-2,TR333,3,54,2,3,2020-05-21
22668,1794,43773.81,30,17182361639,CC-1,TR333,1,92,2,2,2020-05-21
22669,1964,64576.22,19,17182361809,CC-1,TR333,1,65,2,3,2020-05-21
22662,1210,25018.98,22,17182361055,CC-1,EF222,1,4,1,2,2020-05-20
22663,1491,23440.21,25,17182361336,CPR-2,BV111,3,142,2,1,2020-05-20
22659,358,13186.64,26,17182360203,CB-1,TR333,4,39,2,3,2020-05-19
22660,566,52882.03,34,17182360411,CCR-2,TR333,1,56,2,3,2020-05-19
22661,1871,71661.3,43,17182361716,CP-1,BV111,3,1,1,2,2020-05-19
22658,1865,60330.6,29,17182361710,CC-1,TR333,1,216,2,2,2020-05-18
22655,734,66339.66,19,17182360579,CC-1,TR333,1,19,2,2,2020-05-17
22656,837,61605.21,38,17182360682,CC-1,BV111,1,57,2,1,2020-05-17
22657,994,25964.23,37,17182360839,CC-1,TR333,1,206,2,1,2020-05-17
22650,273,30237.34,24,17182360118,CC-1,TR333,1,154,2,3,2020-05-15
22651,1086,44165.28,36,17182360931,CO-1,TR333,2,0,1,2,2020-05-15
22652,1188,30737.26,42,17182361033,CC-1,TR333,1,57,2,1,2020-05-15
22653,1645,54798.53,45,17182361490,CBR-2,TR333,4,211,2,3,2020-05-15
22654,1737,53459.86,19,17182361582,CCR-2,BV111,1,77,2,3,2020-05-15
22647,80,57934.32,18,17182359925,CCR-2,EF222,1,6,1,1,2020-05-14
22648,438,49952.9,31,17182360283,CC-1,TR333,1,1,1,2,2020-05-14
22649,1515,22978.63,41,17182361360,CO-1,TR333,2,47,2,1,2020-05-14
22644,470,19389.06,45,17182360315,CCR-2,EF222,1,1,1,1,2020-05-13
22645,851,94135.72,13,17182360696,CPR-4,BV111,5,2,1,2,2020-05-13
22646,1749,57351.22,25,17182361594,CBR-2,BV111,4,62,2,1,2020-05-13
22643,1930,53432.63,43,17182361775,CC-1,EF222,1,3,1,2,2020-05-12
22639,579,18131.02,32,17182360424,CC-1,BV111,1,210,2,1,2020-05-11
22640,1089,92241.39,39,17182360934,CC-1,BV111,1,108,2,2,2020-05-11
22641,1566,22544.69,36,17182361411,CO-1,TR333,2,6,1,2,2020-05-11
22642,1867,12769.58,26,17182361712,CPR-2,BV111,3,145,2,1,2020-05-11
22634,271,76032.94,42,17182360116,CC-1,BV111,1,4,1,3,2020-05-10
22635,538,29494.39,35,17182360383,CPR-4,TR333,5,5,1,2,2020-05-10
22636,1311,40728.51,29,17182361156,CC-1,BV111,1,0,1,3,2020-05-10
22637,1438,86060.84,27,17182361283,CBR-2,TR333,4,6,1,1,2020-05-10
22638,1585,18968.13,44,17182361430,CBR-2,TR333,4,84,2,1,2020-05-10
22632,288,74934.3,17,17182360133,CC-1,TR333,1,213,2,1,2020-05-09
22633,1869,70412.78,13,17182361714,CC-1,BV111,1,3,1,1,2020-05-09
22631,799,91215.47,39,17182360644,CBR-2,BV111,4,72,2,1,2020-05-08
22628,32,99916.74,27,17182359877,CB-1,EF222,4,30,2,3,2020-05-07
22629,305,53769.32,17,17182360150,CC-1,TR333,1,77,2,1,2020-05-07
22630,493,37624.14,29,17182360338,CBR-2,TR333,4,4,1,3,2020-05-07
22626,730,81398.21,23,17182360575,CP-1,EF222,3,66,2,1,2020-05-06
22627,1268,72365.26,35,17182361113,CC-1,TR333,1,112,2,1,2020-05-06
22624,1269,72455,25,17182361114,CBR-2,BV111,4,219,2,2,2020-05-05
22625,1987,24625.04,45,17182361832,CPR-2,BV111,3,3,1,3,2020-05-05
22623,847,83655.96,21,17182360692,CP-3,BV111,5,1,1,2,2020-05-04
22621,55,15221.23,19,17182359900,CB-1,TR333,4,219,2,3,2020-05-03
22622,1087,18505.42,36,17182360932,CB-1,BV111,4,0,1,1,2020-05-03
22616,9,23569.24,14,17182359854,CO-1,BV111,2,5,1,1,2020-05-02
22617,1131,40136.58,47,17182360976,CC-1,BV111,1,5,1,3,2020-05-02
22618,1243,89651.83,35,17182361088,CBR-2,TR333,4,171,2,2,2020-05-02
22619,1635,84794.22,40,17182361480,CBR-2,TR333,4,1,1,3,2020-05-02
22620,1837,25916.71,13,17182361682,CC-1,BV111,1,129,2,3,2020-05-02
22611,142,56230.81,35,17182359987,CC-1,EF222,1,1,1,3,2020-05-01
22612,356,90622.87,32,17182360201,CC-1,TR333,1,122,2,2,2020-05-01
22613,674,76501.45,36,17182360519,CBR-2,TR333,4,2,1,3,2020-05-01
22614,1377,64744.56,12,17182361222,CBR-2,BV111,4,1,1,2,2020-05-01
22615,1909,10739.64,27,17182361754,CC-1,BV111,1,5,1,2,2020-05-01
22609,290,75843.37,44,17182360135,CB-1,EF222,4,32,2,3,2020-04-30
22610,1569,46015.66,15,17182361414,CBR-2,BV111,4,6,1,3,2020-04-30
22606,72,73453.25,26,17182359917,CC-1,EF222,1,14,2,3,2020-04-29
22607,1056,33979.87,29,17182360901,CBR-2,TR333,4,182,2,1,2020-04-29
22608,1136,34854.92,40,17182360981,CP-3,TR333,5,24,2,2,2020-04-29
22605,1356,36690.77,27,17182361201,CCR-2,TR333,1,5,1,3,2020-04-28
22603,1429,74855.19,36,17182361274,CBR-2,BV111,4,203,2,3,2020-04-27
22604,1483,91958.28,18,17182361328,CP-1,TR333,3,211,2,3,2020-04-27
22599,54,92931.66,12,17182359899,CPR-2,TR333,3,3,1,2,2020-04-26
22600,138,92043.38,22,17182359983,CC-1,TR333,1,151,2,2,2020-04-26
22601,366,16475.42,16,17182360211,CC-1,TR333,1,39,2,3,2020-04-26
22602,1702,22918.02,13,17182361547,CB-1,EF222,4,2,1,3,2020-04-26
22590,89,78439.82,21,17182359934,CC-1,BV111,1,120,2,1,2020-04-25
22591,260,30815.33,22,17182360105,CC-1,EF222,1,0,1,1,2020-04-25
22592,322,44597.35,45,17182360167,CB-1,EF222,4,2,1,3,2020-04-25
22593,739,19942.58,25,17182360584,CBR-2,BV111,4,96,2,3,2020-04-25
22594,1138,18023.79,22,17182360983,CBR-2,TR333,4,189,2,1,2020-04-25
22595,1513,24534.95,20,17182361358,CO-1,TR333,2,6,1,1,2020-04-25
22596,1565,77386.47,12,17182361410,CBR-2,TR333,4,6,1,2,2020-04-25
22597,1627,66870.44,12,17182361472,COR-2,BV111,2,2,1,1,2020-04-25
22598,1840,61654.64,37,17182361685,CC-1,EF222,1,68,2,3,2020-04-25
22589,872,80990.71,15,17182360717,CC-1,EF222,1,106,2,2,2020-04-24
22585,1079,66555.92,48,17182360924,CB-1,BV111,4,5,1,2,2020-04-23
22586,1172,80925.38,22,17182361017,CPR-4,EF222,5,1,1,2,2020-04-23
22587,1192,98932.03,28,17182361037,CC-1,EF222,1,5,1,1,2020-04-23
22588,1690,47868.14,20,17182361535,CC-1,EF222,1,154,2,3,2020-04-23
22582,249,29097.44,31,17182360094,CC-1,BV111,1,153,2,1,2020-04-22
22583,509,93226.95,16,17182360354,CBR-2,BV111,4,29,2,3,2020-04-22
22584,1810,55735.77,15,17182361655,CC-1,EF222,1,2,1,3,2020-04-22
22581,1897,83542.16,47,17182361742,CC-1,BV111,1,23,2,2,2020-04-21
22572,22,18687.84,23,17182359867,CC-1,EF222,1,22,2,3,2020-04-20
22573,23,43638.88,33,17182359868,CO-1,TR333,2,0,1,2,2020-04-20
22574,48,20049.52,32,17182359893,CCR-2,TR333,1,2,1,1,2020-04-20
22575,108,21837.19,34,17182359953,CCR-2,TR333,1,27,2,3,2020-04-20
22576,317,63072.7,17,17182360162,CC-1,BV111,1,5,1,1,2020-04-20
22577,882,80319.59,17,17182360727,CC-1,EF222,1,2,1,3,2020-04-20
22578,1289,48830.32,24,17182361134,CO-1,BV111,2,226,2,3,2020-04-20
22579,1637,70667.67,13,17182361482,COR-2,BV111,2,228,2,1,2020-04-20
22580,1715,42625.58,35,17182361560,CBR-2,TR333,4,77,2,2,2020-04-20
22566,42,56275.43,22,17182359887,CC-1,EF222,1,23,2,2,2020-04-19
22567,61,68437.88,33,17182359906,CC-1,BV111,1,1,1,2,2020-04-19
22568,124,93422.57,43,17182359969,CB-1,TR333,4,0,1,2,2020-04-19
22569,796,70155.57,36,17182360641,CCR-2,TR333,1,5,1,1,2020-04-19
22570,807,38377.67,30,17182360652,CBR-2,BV111,4,94,2,2,2020-04-19
22571,1129,69657.13,44,17182360974,COR-2,BV111,2,5,1,1,2020-04-19
22564,188,24591.34,41,17182360033,CC-1,TR333,1,3,1,2,2020-04-18
22565,992,30989.85,34,17182360837,CCR-2,EF222,1,63,2,3,2020-04-18
22560,28,82637.56,43,17182359873,CC-1,TR333,1,93,2,2,2020-04-17
22561,37,94220.64,38,17182359882,CC-1,BV111,1,11,2,3,2020-04-17
22562,1362,74047.84,41,17182361207,CB-1,EF222,4,7,2,3,2020-04-17
22563,1843,42535.4,47,17182361688,CB-1,TR333,4,72,2,3,2020-04-17
22552,21,12511.43,31,17182359866,CPR-2,BV111,3,4,1,1,2020-04-16
22553,69,27650.31,47,17182359914,CBR-2,BV111,4,232,2,2,2020-04-16
22554,326,32655.83,22,17182360171,CB-1,TR333,4,3,1,3,2020-04-16
22555,463,94319.11,27,17182360308,CP-3,TR333,5,17,2,1,2020-04-16
22556,689,59256,28,17182360534,CBR-2,BV111,4,1,1,3,2020-04-16
22557,914,61952.12,41,17182360759,CBR-2,TR333,4,221,2,1,2020-04-16
22558,1083,76462.28,25,17182360928,CBR-2,TR333,4,4,1,1,2020-04-16
22559,1219,94564.05,22,17182361064,CC-1,BV111,1,6,1,2,2020-04-16
22549,156,23840.01,26,17182360001,CC-1,TR333,1,111,2,2,2020-04-15
22550,241,95436.16,32,17182360086,CCR-2,BV111,1,4,1,1,2020-04-15
22551,444,76307.22,34,17182360289,CC-1,TR333,1,226,2,1,2020-04-15
22546,182,36912.74,16,17182360027,CC-1,EF222,1,18,2,1,2020-04-14
22547,1908,27005.18,42,17182361753,CC-1,TR333,1,104,2,2,2020-04-14
22548,1965,73904.44,40,17182361810,CP-1,TR333,3,23,2,1,2020-04-14
22539,19,94530.99,33,17182359864,CC-1,BV111,1,5,1,2,2020-04-13
22540,45,79478.07,17,17182359890,CP-1,TR333,3,5,1,3,2020-04-13
22541,46,51341.18,14,17182359891,CBR-2,TR333,4,3,1,3,2020-04-13
22542,60,58579.19,39,17182359905,CC-1,EF222,1,89,2,3,2020-04-13
22543,258,21884.43,29,17182360103,CC-1,TR333,1,4,1,1,2020-04-13
22544,939,46816.14,47,17182360784,CO-1,BV111,2,71,2,1,2020-04-13
22545,964,49609.06,47,17182360809,CO-1,TR333,2,1,1,1,2020-04-13
22536,1,10800.7,44,17182359846,CC-1,BV111,1,0,1,2,2020-04-12
22537,2,64447.98,47,17182359847,COR-2,EF222,2,0,1,2,2020-04-12
22538,227,11248.42,37,17182360072,CBR-2,BV111,4,105,2,3,2020-04-12
22534,59,60009.24,26,17182359904,CC-1,BV111,1,14,2,2,2020-04-11
22535,1236,10232.85,17,17182361081,CBR-2,TR333,4,1,1,3,2020-04-11
22532,1248,27979.23,42,17182361093,CBR-2,TR333,4,154,2,3,2020-04-10
22533,1803,21135.18,17,17182361648,CPR-2,TR333,3,0,1,1,2020-04-10
22529,40,40554.03,36,17182359885,CCR-2,EF222,1,205,2,3,2020-04-09
22530,572,44528.24,15,17182360417,CO-1,EF222,2,3,1,2,2020-04-09
22531,1126,14467.41,35,17182360971,CC-1,TR333,1,5,1,3,2020-04-09
22525,207,75550.12,39,17182360052,CB-1,BV111,4,63,2,3,2020-04-08
22526,897,77762.21,35,17182360742,CBR-2,BV111,4,2,1,1,2020-04-08
22527,1538,30377.8,39,17182361383,CBR-2,TR333,4,61,2,2,2020-04-08
22528,1785,32698.04,30,17182361630,CB-1,TR333,4,26,2,3,2020-04-08
22520,11,86461.4,48,17182359856,CO-1,BV111,2,60,2,3,2020-04-07
22521,63,38782.26,12,17182359908,COR-2,TR333,2,6,1,2,2020-04-07
22522,627,25963.98,23,17182360472,CB-1,BV111,4,1,1,2,2020-04-07
22523,728,74775.15,25,17182360573,COR-2,TR333,2,4,1,3,2020-04-07
22524,1906,98054.94,47,17182361751,CC-1,TR333,1,4,1,2,2020-04-07
22516,13,75139.29,36,17182359858,COR-2,TR333,2,22,2,3,2020-04-06
22517,41,65309.67,42,17182359886,CO-1,BV111,2,108,2,1,2020-04-06
22518,645,19683.3,17,17182360490,CB-1,TR333,4,2,1,3,2020-04-06
22519,1446,43951.35,22,17182361291,CC-1,TR333,1,0,1,3,2020-04-06
22513,10,46154.67,19,17182359855,CO-1,EF222,2,2,1,2,2020-04-05
22514,1512,78156.31,48,17182361357,CP-1,EF222,3,2,1,3,2020-04-05
22515,1695,56073.49,47,17182361540,CC-1,TR333,1,68,2,2,2020-04-05
22509,27,37658.12,27,17182359872,CC-1,BV111,1,30,2,3,2020-04-04
22510,482,49114.63,15,17182360327,CO-1,EF222,2,77,2,2,2020-04-04
22511,560,22991.55,46,17182360405,CPR-4,EF222,5,156,2,3,2020-04-04
22512,840,26653.92,24,17182360685,CP-1,EF222,3,141,2,3,2020-04-04
22506,710,51432.29,18,17182360555,CPR-2,EF222,3,5,1,3,2020-04-03
22507,1540,11009.31,27,17182361385,CBR-2,EF222,4,84,2,2,2020-04-03
22508,1849,87846.66,20,17182361694,CC-1,BV111,1,148,2,3,2020-04-03
22500,26,66670.68,28,17182359871,CPR-2,TR333,3,108,2,3,2020-04-02
22501,49,26430.81,38,17182359894,CP-1,BV111,3,182,2,2,2020-04-02
22502,62,63602.68,21,17182359907,CC-1,EF222,1,15,2,2,2020-04-02
22503,564,38820.55,24,17182360409,CB-1,TR333,4,9,2,1,2020-04-02
22504,1350,20945.34,36,17182361195,CBR-2,EF222,4,3,1,2,2020-04-02
22505,1799,24612.87,38,17182361644,CPR-4,BV111,5,6,1,2,2020-04-02
22496,35,61421.5,31,17182359880,CBR-2,TR333,4,3,1,2,2020-04-01
22497,422,86313.94,44,17182360267,CBR-2,EF222,4,78,2,1,2020-04-01
22498,929,17179.51,24,17182360774,CBR-2,BV111,4,2,1,3,2020-04-01
22499,1361,20793.07,22,17182361206,CBR-2,BV111,4,6,1,1,2020-04-01
22490,4,64401.38,26,17182359849,CBR-2,TR333,4,157,2,1,2020-03-31
22491,6,11736.83,16,17182359851,CBR-2,TR333,4,4,1,2,2020-03-31
22492,53,34040.55,30,17182359898,CB-1,TR333,4,207,2,2,2020-03-31
22493,735,26333.31,22,17182360580,CO-1,TR333,2,176,2,2,2020-03-31
22494,973,33983.21,40,17182360818,CC-1,TR333,1,1,1,1,2020-03-31
22495,1742,99453.44,24,17182361587,CPR-2,EF222,3,89,2,1,2020-03-31
22488,5,18893.3,35,17182359850,CBR-2,TR333,4,2,1,3,2020-03-30
22489,33,67931.19,23,17182359878,CCR-2,TR333,1,60,2,3,2020-03-30
22482,29,27847.36,42,17182359874,CC-1,BV111,1,36,2,1,2020-03-29
22483,36,66296.52,34,17182359881,CCR-2,TR333,1,163,2,1,2020-03-29
22484,378,96312.4,43,17182360223,CCR-2,TR333,1,126,2,1,2020-03-29
22485,489,45503.03,36,17182360334,CP-3,BV111,5,1,1,1,2020-03-29
22486,826,37127.91,26,17182360671,CPR-2,TR333,3,0,1,1,2020-03-29
22487,1914,64986.87,43,17182361759,CC-1,TR333,1,0,1,3,2020-03-29
22481,988,80182.41,47,17182360833,CC-1,TR333,1,74,2,2,2020-03-28
22473,52,31173.49,21,17182359897,CC-1,EF222,1,5,1,1,2020-03-27
22474,56,65827.94,28,17182359901,CP-1,TR333,3,3,1,1,2020-03-27
22475,58,91225.67,42,17182359903,CO-1,TR333,2,130,2,1,2020-03-27
22476,107,19145.48,33,17182359952,CBR-2,BV111,4,3,1,3,2020-03-27
22477,696,89145.4,25,17182360541,CBR-2,TR333,4,23,2,1,2020-03-27
22478,729,18621.73,43,17182360574,CCR-2,BV111,1,6,1,2,2020-03-27
22479,932,46175.21,43,17182360777,CBR-2,EF222,4,92,2,3,2020-03-27
22480,944,59986.66,18,17182360789,CC-1,TR333,1,92,2,1,2020-03-27
22472,822,55808.81,18,17182360667,CO-1,EF222,2,115,2,3,2020-03-26
22470,17,68490.02,34,17182359862,CBR-2,BV111,4,4,1,2,2020-03-25
22471,24,98353.34,22,17182359869,COR-2,TR333,2,1,1,1,2020-03-25
22469,1266,53893.51,31,17182361111,CC-1,TR333,1,142,2,1,2020-03-24
22464,25,91179.41,17,17182359870,COR-2,TR333,2,22,2,3,2020-03-23
22465,218,77623.43,32,17182360063,CC-1,TR333,1,0,1,1,2020-03-23
22466,320,64825.63,48,17182360165,CC-1,EF222,1,202,2,1,2020-03-23
22467,519,69727.36,39,17182360364,CCR-2,BV111,1,5,1,2,2020-03-23
22468,1343,85122.07,21,17182361188,COR-2,TR333,2,5,1,3,2020-03-23
22460,31,31723.43,27,17182359876,CCR-2,BV111,1,1,1,2,2020-03-22
22461,43,45647.75,12,17182359888,CB-1,TR333,4,5,1,1,2020-03-22
22462,456,36844.04,29,17182360301,CC-1,TR333,1,31,2,1,2020-03-22
22463,1827,52316.71,47,17182361672,CO-1,BV111,2,4,1,1,2020-03-22
22458,3,87716.06,20,17182359848,CPR-2,TR333,3,0,1,3,2020-03-21
22459,18,94537.16,48,17182359863,CCR-2,TR333,1,47,2,3,2020-03-21
22457,104,85569.77,43,17182359949,CC-1,TR333,1,215,2,1,2020-03-20
22455,229,47889.15,30,17182360074,CC-1,BV111,1,0,1,3,2020-03-19
22456,1341,36517.2,22,17182361186,CBR-2,BV111,4,37,2,2,2020-03-19
22450,466,44268.58,14,17182360311,CO-1,TR333,2,60,2,1,2020-03-18
22451,913,98366.37,14,17182360758,COR-2,TR333,2,6,1,1,2020-03-18
22452,1029,30028.77,42,17182360874,CB-1,BV111,4,3,1,2,2020-03-18
22453,1091,81635.16,19,17182360936,COR-2,BV111,2,140,2,1,2020-03-18
22454,1312,30312.37,20,17182361157,CBR-2,EF222,4,0,1,1,2020-03-18
22449,1673,93717.45,12,17182361518,CBR-2,TR333,4,139,2,1,2020-03-17
22446,449,95089.88,20,17182360294,CC-1,BV111,1,116,2,1,2020-03-16
22447,979,78652.25,31,17182360824,CBR-2,BV111,4,3,1,2,2020-03-16
22448,1116,35916.87,30,17182360961,CBR-2,TR333,4,3,1,1,2020-03-16
23480,237,95563.04,15,17182360082,CC-1,BV111,1,2,1,2,2020-03-15
23481,238,59325.22,16,17182360083,CB-1,TR333,4,5,1,2,2020-03-15
23482,239,27605.31,37,17182360084,CC-1,BV111,1,130,2,2,2020-03-15
23483,240,16685.06,27,17182360085,CC-1,EF222,1,0,1,3,2020-03-15
23484,242,10870.53,32,17182360087,CC-1,EF222,1,0,1,3,2020-03-15
23485,243,69330.26,47,17182360088,CC-1,TR333,1,1,1,3,2020-03-15
23486,244,26975.11,13,17182360089,CCR-2,TR333,1,156,2,1,2020-03-15
23487,245,48583.7,44,17182360090,CC-1,TR333,1,239,2,1,2020-03-15
23488,246,45140.93,24,17182360091,CC-1,TR333,1,118,2,3,2020-03-15
23489,247,58440.57,29,17182360092,CC-1,BV111,1,220,2,1,2020-03-15
23490,250,60734.05,29,17182360095,CCR-2,EF222,1,1,1,3,2020-03-15
23491,252,80138.13,42,17182360097,CC-1,EF222,1,36,2,3,2020-03-15
23492,757,61853.4,38,17182360602,CBR-2,BV111,4,1,1,3,2020-03-15
23493,832,22100.35,39,17182360677,CP-3,EF222,5,63,2,1,2020-03-15
22444,997,80539.65,13,17182360842,CBR-2,BV111,4,4,1,1,2020-03-15
23494,1092,58077.49,17,17182360937,CB-1,EF222,4,2,1,2,2020-03-15
22445,1416,20955.74,45,17182361261,CO-1,TR333,2,0,1,2,2020-03-15
23495,1646,35240.03,12,17182361491,CCR-2,TR333,1,14,2,3,2020-03-15
22440,548,52792.93,13,17182360393,CO-1,TR333,2,2,1,3,2020-03-14
22441,841,38302.19,13,17182360686,CC-1,BV111,1,154,2,1,2020-03-14
22442,1049,48006.87,27,17182360894,CC-1,BV111,1,6,1,1,2020-03-14
22443,1383,35607.11,33,17182361228,CC-1,TR333,1,105,2,2,2020-03-14
22436,625,22980.64,32,17182360470,CC-1,TR333,1,5,1,1,2020-03-13
22437,1152,18218.14,14,17182360997,CB-1,EF222,4,4,1,2,2020-03-13
22438,1835,35568.2,44,17182361680,CC-1,TR333,1,182,2,3,2020-03-13
22439,1842,86958.23,12,17182361687,CBR-2,EF222,4,0,1,1,2020-03-13
22433,692,14161.99,41,17182360537,COR-2,EF222,2,3,1,2,2020-03-12
22434,1523,72741.73,30,17182361368,CP-1,TR333,3,135,2,1,2020-03-12
22435,1825,23555.86,13,17182361670,CC-1,TR333,1,6,1,3,2020-03-12
22428,492,60439.3,45,17182360337,CCR-2,EF222,1,0,1,1,2020-03-11
22429,916,96352.98,21,17182360761,CC-1,TR333,1,6,1,1,2020-03-11
22430,1202,13844.58,40,17182361047,CB-1,EF222,4,152,2,2,2020-03-11
22431,1504,12106.37,17,17182361349,CO-1,TR333,2,2,1,1,2020-03-11
22432,1971,31133.83,47,17182361816,CB-1,BV111,4,26,2,2,2020-03-11
22422,497,74801.75,42,17182360342,CCR-2,BV111,1,6,1,1,2020-03-10
22423,714,81834.95,38,17182360559,CCR-2,TR333,1,4,1,3,2020-03-10
22424,715,94184.65,30,17182360560,CBR-2,TR333,4,1,1,1,2020-03-10
22425,1306,43519.02,17,17182361151,CO-1,TR333,2,6,1,2,2020-03-10
22426,1309,19627.88,39,17182361154,CC-1,BV111,1,69,2,1,2020-03-10
22427,1724,70467.43,28,17182361569,CP-1,TR333,3,4,1,1,2020-03-10
22417,782,72346.35,48,17182360627,CBR-2,EF222,4,3,1,1,2020-03-09
22418,1012,13116.21,24,17182360857,CCR-2,EF222,1,5,1,3,2020-03-09
22419,1030,28053.43,37,17182360875,COR-2,EF222,2,205,2,2,2020-03-09
22420,1270,70691.54,29,17182361115,CC-1,EF222,1,116,2,3,2020-03-09
22421,1649,43215.23,19,17182361494,CC-1,BV111,1,2,1,2,2020-03-09
22414,372,19981.32,27,17182360217,CO-1,EF222,2,205,2,1,2020-03-08
22415,1378,11113.38,23,17182361223,CBR-2,TR333,4,83,2,2,2020-03-08
22416,1981,53686.18,12,17182361826,CBR-2,BV111,4,5,1,1,2020-03-08
22412,1541,72271.02,34,17182361386,CCR-2,BV111,1,2,1,3,2020-03-07
22413,1861,72038.64,42,17182361706,CC-1,BV111,1,3,1,1,2020-03-07
22409,213,19840.74,25,17182360058,CC-1,TR333,1,18,2,2,2020-03-06
22410,1272,80371.04,32,17182361117,COR-2,EF222,2,217,2,3,2020-03-06
22411,1744,80780.18,17,17182361589,COR-2,TR333,2,65,2,3,2020-03-06
22404,390,68200.05,28,17182360235,CCR-2,EF222,1,167,2,2,2020-03-05
22405,506,95642.53,34,17182360351,CP-3,TR333,5,4,1,2,2020-03-05
22406,1310,80758.87,16,17182361155,CBR-2,EF222,4,78,2,2,2020-03-05
22407,1829,25821.68,25,17182361674,CP-1,BV111,3,109,2,2,2020-03-05
22408,1934,20414.18,29,17182361779,CBR-2,TR333,4,213,2,2,2020-03-05
22401,370,23538.32,29,17182360215,CC-1,EF222,1,2,1,3,2020-03-03
22402,1500,19889.53,45,17182361345,CP-1,EF222,3,191,2,1,2020-03-03
22403,1698,42042.54,27,17182361543,CBR-2,TR333,4,1,1,1,2020-03-03
22399,125,53061.68,40,17182359970,CC-1,TR333,1,6,1,2,2020-03-02
22400,968,45843.56,43,17182360813,CBR-2,TR333,4,2,1,2,2020-03-02
22396,810,19108.08,42,17182360655,CBR-2,EF222,4,31,2,3,2020-03-01
22397,1001,56503.3,38,17182360846,CC-1,BV111,1,50,2,2,2020-03-01
22398,1169,59715.94,18,17182361014,CB-1,BV111,4,3,1,1,2020-03-01
22392,1189,57351.52,26,17182361034,COR-2,BV111,2,3,1,2,2020-02-29
22393,1205,38132.67,46,17182361050,CC-1,TR333,1,207,2,1,2020-02-29
22394,1340,38073.51,48,17182361185,CC-1,EF222,1,156,2,2,2020-02-29
22395,1769,91152.63,40,17182361614,CC-1,BV111,1,77,2,2,2020-02-29
22391,1204,67951.21,45,17182361049,CB-1,TR333,4,118,2,1,2020-02-27
22389,606,88556.49,30,17182360451,COR-2,TR333,2,188,2,2,2020-02-26
22390,836,46926.84,15,17182360681,CPR-4,TR333,5,4,1,3,2020-02-26
22385,722,57176.92,15,17182360567,CB-1,EF222,4,176,2,2,2020-02-25
22386,825,63910.23,20,17182360670,CC-1,TR333,1,1,1,2,2020-02-25
22387,870,87641.99,20,17182360715,COR-2,EF222,2,216,2,1,2020-02-25
22388,1588,84398.87,26,17182361433,CBR-2,TR333,4,11,2,1,2020-02-25
22381,875,77376.67,19,17182360720,CC-1,TR333,1,238,2,2,2020-02-24
22382,1071,34520.81,17,17182360916,CCR-2,BV111,1,239,2,1,2020-02-24
22383,1334,21206.19,19,17182361179,CBR-2,TR333,4,0,1,2,2020-02-24
22384,1344,97649.08,22,17182361189,CC-1,TR333,1,153,2,2,2020-02-24
22377,598,78264.32,14,17182360443,CC-1,TR333,1,62,2,2,2020-02-22
22378,1246,39811.15,36,17182361091,CB-1,TR333,4,2,1,1,2020-02-22
22379,1276,19194.33,43,17182361121,CBR-2,TR333,4,76,2,2,2020-02-22
22380,1826,43550,15,17182361671,CPR-2,TR333,3,2,1,1,2020-02-22
22376,688,91688.29,37,17182360533,CPR-2,TR333,3,6,1,1,2020-02-21
22375,1984,68604.34,24,17182361829,CC-1,TR333,1,17,2,2,2020-02-20
22373,1051,76268.11,36,17182360896,CB-1,BV111,4,16,2,2,2020-02-19
22374,1617,92878.55,25,17182361462,CP-1,BV111,3,6,1,3,2020-02-19
22370,642,24747.4,28,17182360487,CC-1,EF222,1,4,1,1,2020-02-18
22371,953,99972.61,45,17182360798,CBR-2,TR333,4,216,2,1,2020-02-18
22372,1317,61530.77,47,17182361162,CBR-2,BV111,4,86,2,3,2020-02-18
22367,928,17446.53,21,17182360773,CBR-2,TR333,4,61,2,1,2020-02-17
22368,1578,71965.45,25,17182361423,CP-1,TR333,3,1,1,1,2020-02-17
22369,1977,17940.35,38,17182361822,CBR-2,BV111,4,6,1,1,2020-02-17
22366,1442,21222.18,43,17182361287,CO-1,EF222,2,156,2,3,2020-02-16
22364,654,47002.64,33,17182360499,CPR-2,TR333,3,221,2,2,2020-02-15
22365,896,99929.46,48,17182360741,CC-1,TR333,1,135,2,1,2020-02-15
22362,500,11416.34,19,17182360345,CCR-2,EF222,1,5,1,3,2020-02-13
22363,1767,50774.26,34,17182361612,CP-1,BV111,3,2,1,1,2020-02-13
22361,866,48258.44,18,17182360711,CC-1,TR333,1,35,2,2,2020-02-12
22354,639,56491.79,27,17182360484,CBR-2,BV111,4,3,1,1,2020-02-11
22355,720,31652.92,17,17182360565,CP-1,EF222,3,4,1,1,2020-02-11
22356,727,97528.64,32,17182360572,CBR-2,BV111,4,5,1,1,2020-02-11
22357,743,91213.54,48,17182360588,CB-1,TR333,4,148,2,3,2020-02-11
22358,873,15649.42,41,17182360718,COR-2,TR333,2,217,2,1,2020-02-11
22359,1041,95921.05,15,17182360886,CC-1,BV111,1,3,1,2,2020-02-11
22360,1168,36932.05,25,17182361013,CPR-4,TR333,5,144,2,3,2020-02-11
22352,467,35323.29,43,17182360312,CO-1,BV111,2,156,2,1,2020-02-10
22353,1935,50393.27,44,17182361780,CC-1,TR333,1,85,2,3,2020-02-10
22351,602,86112.34,20,17182360447,CBR-2,EF222,4,0,1,1,2020-02-09
22350,1687,78086.43,21,17182361532,CC-1,BV111,1,3,1,3,2020-02-08
22348,485,27368.09,13,17182360330,CO-1,TR333,2,3,1,1,2020-02-07
22349,1802,92600.72,35,17182361647,CBR-2,EF222,4,6,1,1,2020-02-07
22345,1146,45979.65,42,17182360991,CC-1,TR333,1,5,1,2,2020-02-06
22346,1278,25557.63,29,17182361123,CC-1,TR333,1,1,1,3,2020-02-06
22347,1820,39129.46,22,17182361665,CPR-4,EF222,5,4,1,2,2020-02-06
22344,571,92182.31,42,17182360416,CCR-2,BV111,1,4,1,1,2020-02-05
22343,904,42457.73,25,17182360749,CO-1,TR333,2,205,2,3,2020-02-04
22341,759,37882.54,36,17182360604,CCR-2,BV111,1,52,2,3,2020-02-03
22342,1396,53286.94,46,17182361241,CCR-2,TR333,1,223,2,1,2020-02-03
22339,970,44026.05,39,17182360815,COR-2,EF222,2,5,1,1,2020-02-02
22340,1593,38792.68,34,17182361438,CO-1,TR333,2,91,2,3,2020-02-02
22335,98,41050.86,16,17182359943,CBR-2,TR333,4,6,1,2,2020-01-31
22336,106,52184.38,17,17182359951,CC-1,TR333,1,126,2,1,2020-01-31
22337,1082,66993.57,30,17182360927,CB-1,EF222,4,55,2,3,2020-01-31
22338,1870,84300.55,38,17182361715,CC-1,EF222,1,1,1,1,2020-01-31
22327,79,52378.86,12,17182359924,CC-1,BV111,1,133,2,2,2020-01-30
22328,103,67197.29,35,17182359948,CC-1,TR333,1,6,1,1,2020-01-30
22329,117,62880.12,43,17182359962,CC-1,BV111,1,1,1,1,2020-01-30
22330,165,69585.06,15,17182360010,CC-1,TR333,1,2,1,1,2020-01-30
22331,922,63383.9,16,17182360767,CCR-2,EF222,1,104,2,1,2020-01-30
22332,1247,98512.63,26,17182361092,CBR-2,BV111,4,2,1,2,2020-01-30
22333,1290,43669.86,14,17182361135,CO-1,EF222,2,6,1,1,2020-01-30
22334,1623,98703.9,14,17182361468,CBR-2,TR333,4,2,1,1,2020-01-30
22321,81,52003.41,23,17182359926,CCR-2,BV111,1,6,1,3,2020-01-29
22322,90,35835.31,16,17182359935,CB-1,EF222,4,99,2,1,2020-01-29
22323,842,54508.2,13,17182360687,COR-2,EF222,2,226,2,2,2020-01-29
22324,942,28339.38,39,17182360787,CB-1,EF222,4,1,1,3,2020-01-29
22325,986,49252.44,26,17182360831,CCR-2,TR333,1,140,2,1,2020-01-29
22326,1395,31492.76,43,17182361240,CPR-2,TR333,3,118,2,3,2020-01-29
22315,88,19510.24,35,17182359933,CC-1,TR333,1,4,1,1,2020-01-28
22316,94,75196.22,34,17182359939,CC-1,TR333,1,46,2,1,2020-01-28
22317,100,72083.69,35,17182359945,CC-1,EF222,1,16,2,2,2020-01-28
22318,404,67077.34,27,17182360249,CBR-2,TR333,4,6,1,2,2020-01-28
22319,740,89844.89,41,17182360585,CO-1,EF222,2,140,2,3,2020-01-28
22320,1182,57534.81,45,17182361027,CBR-2,EF222,4,0,1,2,2020-01-28
22311,67,31256.7,39,17182359912,CCR-2,BV111,1,6,1,1,2020-01-27
22312,99,58453.75,42,17182359944,CC-1,BV111,1,73,2,3,2020-01-27
22313,111,90750.94,32,17182359956,CC-1,BV111,1,102,2,2,2020-01-27
22314,123,90190.64,30,17182359968,CCR-2,TR333,1,3,1,1,2020-01-27
22307,95,42687.29,29,17182359940,CC-1,TR333,1,210,2,2,2020-01-26
22308,101,78210.44,17,17182359946,CCR-2,BV111,1,4,1,2,2020-01-26
22309,113,18004.19,40,17182359958,CCR-2,TR333,1,5,1,2,2020-01-26
22310,861,45764.89,37,17182360706,CC-1,BV111,1,1,1,2,2020-01-26
22304,39,20700.57,39,17182359884,CO-1,BV111,2,4,1,3,2020-01-25
22305,71,89443.17,21,17182359916,CC-1,BV111,1,2,1,2,2020-01-25
22306,84,99103.15,13,17182359929,CB-1,TR333,4,6,1,2,2020-01-25
22296,75,19041.94,41,17182359920,CC-1,TR333,1,148,2,2,2020-01-24
22297,118,32817.85,44,17182359963,CC-1,TR333,1,5,1,3,2020-01-24
22298,121,42912.58,17,17182359966,CC-1,BV111,1,5,1,2,2020-01-24
22299,127,66179.04,19,17182359972,CBR-2,BV111,4,0,1,1,2020-01-24
22300,526,89315.88,33,17182360371,CP-3,TR333,5,1,1,3,2020-01-24
22301,700,47520.36,48,17182360545,CBR-2,EF222,4,120,2,3,2020-01-24
22302,737,84515.1,34,17182360582,CBR-2,BV111,4,154,2,2,2020-01-24
22303,800,29979.91,29,17182360645,CPR-2,EF222,3,5,1,1,2020-01-24
22292,65,62097.16,38,17182359910,CC-1,TR333,1,0,1,3,2020-01-23
22293,128,96852.97,26,17182359973,CC-1,TR333,1,50,2,3,2020-01-23
22294,231,45116.63,31,17182360076,CC-1,BV111,1,81,2,2,2020-01-23
22295,753,71959.97,27,17182360598,CBR-2,TR333,4,111,2,2,2020-01-23
22290,1052,93896.45,16,17182360897,CB-1,EF222,4,156,2,3,2020-01-22
22291,1242,59730.64,41,17182361087,CB-1,EF222,4,0,1,3,2020-01-22
22287,82,45102.73,32,17182359927,CC-1,EF222,1,191,2,3,2020-01-21
22288,119,66609.4,27,17182359964,CC-1,BV111,1,2,1,1,2020-01-21
22289,126,67831.04,46,17182359971,CC-1,TR333,1,1,1,1,2020-01-21
22278,64,16067.68,25,17182359909,CC-1,TR333,1,2,1,2,2020-01-20
22279,74,19795.46,31,17182359919,CC-1,TR333,1,1,1,1,2020-01-20
22280,97,93965.14,38,17182359942,CC-1,BV111,1,85,2,2,2020-01-20
22281,110,31295,48,17182359955,CC-1,EF222,1,131,2,1,2020-01-20
22282,114,97147.16,27,17182359959,CCR-2,TR333,1,3,1,2,2020-01-20
22283,853,28913.16,45,17182360698,CC-1,TR333,1,3,1,3,2020-01-20
22284,1065,81609.1,34,17182360910,CBR-2,TR333,4,4,1,3,2020-01-20
22285,1406,74963.53,36,17182361251,CP-1,TR333,3,231,2,1,2020-01-20
22286,1594,50830.36,41,17182361439,CBR-2,TR333,4,6,1,3,2020-01-20
22273,96,90631.24,24,17182359941,CCR-2,TR333,1,4,1,2,2020-01-19
22274,116,97222.14,24,17182359961,CBR-2,TR333,4,4,1,2,2020-01-19
22275,129,14774.01,43,17182359974,CCR-2,BV111,1,0,1,2,2020-01-19
22276,1180,54656.68,38,17182361025,CBR-2,EF222,4,3,1,3,2020-01-19
22277,1466,98265.05,23,17182361311,CBR-2,TR333,4,3,1,1,2020-01-19
22269,83,98427.98,17,17182359928,CBR-2,TR333,4,2,1,1,2020-01-18
22270,102,56627.38,23,17182359947,CC-1,EF222,1,2,1,2,2020-01-18
22271,120,96765.84,39,17182359965,CC-1,EF222,1,6,1,1,2020-01-18
22272,794,82235.27,18,17182360639,CC-1,TR333,1,138,2,2,2020-01-18
22267,1727,85460.52,21,17182361572,CCR-2,BV111,1,64,2,1,2020-01-17
22268,1812,74284.72,32,17182361657,CP-1,EF222,3,0,1,1,2020-01-17
22264,78,37429.59,28,17182359923,CC-1,TR333,1,1,1,3,2020-01-16
22265,683,11394.66,12,17182360528,CPR-2,TR333,3,15,2,2,2020-01-16
22266,1226,97808.72,12,17182361071,CBR-2,TR333,4,5,1,2,2020-01-16
22258,354,78135.73,31,17182360199,CC-1,TR333,1,1,1,2,2020-01-15
22259,417,44927.69,14,17182360262,CBR-2,BV111,4,87,2,2,2020-01-15
22260,475,74930.92,37,17182360320,CC-1,TR333,1,2,1,2,2020-01-15
22261,1111,75357.04,24,17182360956,CC-1,BV111,1,144,2,1,2020-01-15
22262,1615,27064.71,43,17182361460,CO-1,TR333,2,61,2,2,2020-01-15
22263,1626,65909.13,47,17182361471,CBR-2,TR333,4,182,2,2,2020-01-15
22257,550,46282.39,39,17182360395,CP-3,EF222,5,147,2,3,2020-01-14
22254,155,99361.18,19,17182360000,CC-1,TR333,1,221,2,1,2020-01-13
22255,272,67848.28,37,17182360117,CC-1,EF222,1,2,1,1,2020-01-13
22256,778,52825.12,22,17182360623,CPR-2,TR333,3,9,2,3,2020-01-13
22250,109,44824.68,25,17182359954,CC-1,BV111,1,0,1,2,2020-01-12
22251,324,73175.65,39,17182360169,CC-1,TR333,1,126,2,1,2020-01-12
22252,1240,40142.31,22,17182361085,CC-1,EF222,1,6,1,2,2020-01-12
22253,1676,75685.38,48,17182361521,CO-1,TR333,2,233,2,2,2020-01-12
22247,1112,76546.21,33,17182360957,CO-1,EF222,2,238,2,1,2020-01-11
22248,1402,47678.83,25,17182361247,CCR-2,EF222,1,1,1,2,2020-01-11
22249,1885,64131.02,46,17182361730,CC-1,TR333,1,32,2,3,2020-01-11
22242,343,18492.03,14,17182360188,CC-1,TR333,1,1,1,1,2020-01-10
22243,600,99867.77,40,17182360445,CC-1,EF222,1,222,2,2,2020-01-10
22244,779,24163.77,31,17182360624,CPR-2,BV111,3,119,2,1,2020-01-10
22245,1435,26428.67,30,17182361280,CCR-2,TR333,1,0,1,3,2020-01-10
22246,1567,59828.68,45,17182361412,CB-1,BV111,4,88,2,3,2020-01-10
22238,15,87515.37,25,17182359860,CB-1,TR333,4,197,2,1,2020-01-09
22239,604,36052.94,48,17182360449,COR-2,TR333,2,51,2,2,2020-01-09
22240,1035,95404.15,14,17182360880,CBR-2,TR333,4,180,2,1,2020-01-09
22241,1375,36010.76,17,17182361220,COR-2,TR333,2,147,2,2,2020-01-09
22237,680,32435.03,22,17182360525,COR-2,EF222,2,1,1,3,2020-01-07
22235,706,59294.59,28,17182360551,CBR-2,TR333,4,5,1,3,2020-01-06
22236,1411,99336.82,26,17182361256,CP-1,BV111,3,3,1,1,2020-01-06
22232,253,42129.38,39,17182360098,CC-1,TR333,1,206,2,3,2020-01-05
22233,1432,17261.06,24,17182361277,CP-1,EF222,3,1,1,1,2020-01-05
22234,1653,26064.1,33,17182361498,CBR-2,TR333,4,4,1,3,2020-01-05
22230,91,45294.33,45,17182359936,CBR-2,BV111,4,149,2,1,2020-01-04
22231,1391,26191.9,24,17182361236,CBR-2,BV111,4,0,1,1,2020-01-04
22229,1533,61238.86,24,17182361378,CCR-2,TR333,1,134,2,3,2020-01-03
22222,454,82361.55,17,17182360299,CC-1,TR333,1,1,1,3,2020-01-01
22223,575,42302.06,15,17182360420,CO-1,TR333,2,93,2,2,2020-01-01
22224,577,42938.42,39,17182360422,CC-1,BV111,1,210,2,1,2020-01-01
22225,581,25836.51,29,17182360426,CBR-2,BV111,4,5,1,2,2020-01-01
22226,1368,21281.73,13,17182361213,CBR-2,TR333,4,5,1,2,2020-01-01
22227,1526,40779.41,12,17182361371,COR-2,TR333,2,2,1,2,2020-01-01
22228,1860,33031.06,35,17182361705,CC-1,EF222,1,148,2,2,2020-01-01
